fname,aff/tps/homo,t1(A11/H11),t2(A12/H12),t3(A13/H13),t4(A21/H21),t5(A22/H22),t6(A23/H23),t7(H31),t8(H32),t9(H33),t10,t11,t12,t13,t14,t15,t16,t17,t18
/mnt/ssd2tb/boat/thesis/s21fe_dataset/raw/well-lit/20240124_150512.dng,2,16.126403824273687,9.064104916748931,-2690.5432157667724,1.3656748143525852,23.428245923097787,-2419.625463353675,0.013302687757673128,0.030434543252467125,1.0,0.0,0.0,0.0,0.0,0.0,0.0,0.0,0.0,0.0
/mnt/ssd2tb/boat/thesis/s21fe_dataset/raw/well-lit/20240124_144905.dng,2,0.9007952863142392,-0.07313191801154023,-28.85231249141593,-0.36784041244365706,0.6366840147296992,205.09321890076802,-0.000285638859353309,-0.0003235925575731977,1.0,0.0,0.0,0.0,0.0,0.0,0.0,0.0,0.0,0.0
/mnt/ssd2tb/boat/thesis/s21fe_dataset/raw/well-lit/20250201_112138.dng,2,5.562488333506263,1.3558980607695001,-993.2483874313181,0.33165379031422704,4.061711431435647,-432.56821528570936,0.004246603754018545,0.002703169829582827,1.0,0.0,0.0,0.0,0.0,0.0,0.0,0.0,0.0,0.0
/mnt/ssd2tb/boat/thesis/s21fe_dataset/raw/well-lit/20250201_112905.dng,2,1.2841400547113515,-0.7658390880736236,99.84100257426022,0.5592533315351782,0.3950434200279726,-87.63524399966822,0.0015175193995237404,-0.0021202631645055392,1.0,0.0,0.0,0.0,0.0,0.0,0.0,0.0,0.0,0.0
/mnt/ssd2tb/boat/thesis/s21fe_dataset/raw/well-lit/20240117_183829.dng,2,0.10496095458837462,-0.13084452841772246,219.66908028950368,-0.19014670149040527,0.4604602775503896,76.97613664418637,-0.0010355554581010693,-0.0002471215733918822,1.0,0.0,0.0,0.0,0.0,0.0,0.0,0.0,0.0,0.0
/mnt/ssd2tb/boat/thesis/s21fe_dataset/raw/well-lit/20250201_105303.dng,2,1.3493955056841895,-0.7070503475290054,134.67074571478628,0.3336039200094315,0.3941582729575484,85.08972433291798,0.001130205572244836,-0.0012516934676326625,1.0,0.0,0.0,0.0,0.0,0.0,0.0,0.0,0.0,0.0
/mnt/ssd2tb/boat/thesis/s21fe_dataset/raw/well-lit/20240124_145349.dng,2,0.3773331961469231,-0.0038746677069886734,172.7691667104292,-0.019554780071245413,0.8713491533562004,-69.84327523989009,-0.0007079926448075872,-1.156617225967437e-05,1.0,0.0,0.0,0.0,0.0,0.0,0.0,0.0,0.0,0.0
/mnt/ssd2tb/boat/thesis/s21fe_dataset/raw/well-lit/20240124_150216.dng,2,1.1486456999193548,0.8952997621419572,-174.67972107585132,0.36011574403490737,2.377183923234888,-381.8693610360048,-0.0006878231582942183,0.002411616418304948,1.0,0.0,0.0,0.0,0.0,0.0,0.0,0.0,0.0,0.0
/mnt/ssd2tb/boat/thesis/s21fe_dataset/raw/well-lit/20240124_144634.dng,2,0.08976581561525987,-0.07876838019088457,135.4530711565558,-0.2975006936455869,0.3720186347638079,154.14216687794698,-0.0012359503114532592,-0.00013267123126550388,1.0,0.0,0.0,0.0,0.0,0.0,0.0,0.0,0.0,0.0
/mnt/ssd2tb/boat/thesis/s21fe_dataset/raw/well-lit/20240124_145332.dng,2,0.4384342169463552,-0.3916985633035874,144.53621625802475,-0.17107232860294452,0.18495019788416456,159.76748465035328,-0.0004707342008124795,-0.000877059852779329,1.0,0.0,0.0,0.0,0.0,0.0,0.0,0.0,0.0,0.0
/mnt/ssd2tb/boat/thesis/s21fe_dataset/raw/well-lit/20240124_145506.dng,2,1.3395936860734907,-0.1068818154822014,-108.04301645285813,0.3827664770643642,1.0698299637731759,-178.0729631521656,0.0009217926069329976,-0.001098210872092542,1.0,0.0,0.0,0.0,0.0,0.0,0.0,0.0,0.0,0.0
/mnt/ssd2tb/boat/thesis/s21fe_dataset/raw/well-lit/20240119_212049.dng,2,32.10180704175707,1.9867429334480489,-6926.859439694586,10.315757320475829,11.371717660554571,-3077.144163037049,0.03532081040550149,-0.0028118334498395767,1.0,0.0,0.0,0.0,0.0,0.0,0.0,0.0,0.0,0.0
/mnt/ssd2tb/boat/thesis/s21fe_dataset/raw/well-lit/20240124_144659.dng,2,0.3799616949675437,-0.06906748098005305,172.77295409181585,0.03081397591289868,0.9141101854262637,-39.74012843877377,-0.0006448455745514084,0.00028385258468574504,1.0,0.0,0.0,0.0,0.0,0.0,0.0,0.0,0.0,0.0
/mnt/ssd2tb/boat/thesis/s21fe_dataset/raw/well-lit/20250201_105515.dng,2,1.4562519209859603,0.30127958318325143,-180.60251041877632,0.25656109644094244,1.6978340091899267,-178.74134688792873,-0.00014149197399685018,0.001092758695525294,1.0,0.0,0.0,0.0,0.0,0.0,0.0,0.0,0.0,0.0
/mnt/ssd2tb/boat/thesis/s21fe_dataset/raw/well-lit/20240116_135734.dng,2,-7.128895323641893,-3.37391167316711,1938.3030374660407,-1.3982734507347598,-5.568589213253026,809.1406453138001,-0.007244021589252724,-0.00733758814954897,1.0,0.0,0.0,0.0,0.0,0.0,0.0,0.0,0.0,0.0
/mnt/ssd2tb/boat/thesis/s21fe_dataset/raw/well-lit/20240118_160022.dng,2,1.014559881391016,0.31599260690140285,-122.7164618866984,0.09415352485906392,1.6276305988644282,-161.70533162240332,-0.0006347743198018795,0.0011583125432553442,1.0,0.0,0.0,0.0,0.0,0.0,0.0,0.0,0.0,0.0
/mnt/ssd2tb/boat/thesis/s21fe_dataset/raw/well-lit/20240122_170650.dng,2,1.0173625033413525,-0.7976639814676036,172.69021035099559,0.4095524772273944,0.4197385538479224,-65.76457343778998,0.00043735918585557253,-0.0013073959921393633,1.0,0.0,0.0,0.0,0.0,0.0,0.0,0.0,0.0,0.0
/mnt/ssd2tb/boat/thesis/s21fe_dataset/raw/well-lit/20240119_212623.dng,2,1.4101105336704511,0.2277622950391157,-13.04135592157565,0.22090012717654256,1.480738644392542,-91.98326608156384,0.0005772662804269164,0.0006279013780074688,1.0,0.0,0.0,0.0,0.0,0.0,0.0,0.0,0.0,0.0
/mnt/ssd2tb/boat/thesis/s21fe_dataset/raw/well-lit/20240124_150118.dng,2,4.799230952215178,4.973759254101998,-1182.921673745041,0.7161316306559229,7.727385469609429,-1015.1871707396324,0.0015931173462677914,0.01235862594475006,1.0,0.0,0.0,0.0,0.0,0.0,0.0,0.0,0.0,0.0
/mnt/ssd2tb/boat/thesis/s21fe_dataset/raw/well-lit/20240124_145322.dng,2,1.9837747069805245,-0.04968917800573208,-248.5869320040847,0.28922130910911115,1.6018538655478525,-166.76035720472274,0.0007987066725687743,0.00039053227865562095,1.0,0.0,0.0,0.0,0.0,0.0,0.0,0.0,0.0,0.0
/mnt/ssd2tb/boat/thesis/s21fe_dataset/raw/well-lit/20240122_171153.dng,2,1.4793529690087328,1.7146916646952153,-334.8175254317442,-0.3301681649712261,3.0742999369134862,-159.18953394842356,-8.102673290753186e-05,0.003919840706568893,1.0,0.0,0.0,0.0,0.0,0.0,0.0,0.0,0.0,0.0
/mnt/ssd2tb/boat/thesis/s21fe_dataset/raw/well-lit/20240115_165308.dng,2,1.9888895108948723,0.15394015132309688,-129.02471375838473,0.37700048077399817,1.9378182520683456,-189.22550275458542,0.0014501427503565345,0.0004887319970451991,1.0,0.0,0.0,0.0,0.0,0.0,0.0,0.0,0.0,0.0
/mnt/ssd2tb/boat/thesis/s21fe_dataset/raw/well-lit/20240115_164914.dng,2,1.3397695735043211,-0.7190567968290817,104.78020641343649,0.5931723824028455,0.35914533233600016,-71.20986040305701,0.0012195358224695915,-0.0018866899384398104,1.0,0.0,0.0,0.0,0.0,0.0,0.0,0.0,0.0,0.0
/mnt/ssd2tb/boat/thesis/s21fe_dataset/raw/well-lit/20240115_124125.dng,2,0.3966594738061933,-0.5669045339070121,226.04601782591442,-0.04156916699712937,0.1301964927363421,129.98881162912355,-0.0005724269084624723,-0.0008174163756391907,1.0,0.0,0.0,0.0,0.0,0.0,0.0,0.0,0.0,0.0
/mnt/ssd2tb/boat/thesis/s21fe_dataset/raw/well-lit/20240119_211910.dng,2,0.5627659678300883,-0.05503094011086344,-0.13726868119137234,-0.1729742523619992,0.3051236628406476,178.25134691965337,-0.0006905403295073242,-0.00043677285859292217,1.0,0.0,0.0,0.0,0.0,0.0,0.0,0.0,0.0,0.0
/mnt/ssd2tb/boat/thesis/s21fe_dataset/raw/well-lit/20240119_172256.dng,2,0.5894037646346416,-0.23161940297162065,86.77913680863823,-0.11654734720139592,0.7727294607412091,28.52220427936904,-0.0005789873983505397,-0.00023647617605781362,1.0,0.0,0.0,0.0,0.0,0.0,0.0,0.0,0.0,0.0
/mnt/ssd2tb/boat/thesis/s21fe_dataset/raw/well-lit/20240118_164133.dng,2,-9.617044476364418,0.12496762191818668,1827.4478065320914,-2.955110242462712,-3.081545670756036,866.9428968375281,-0.01325310110072366,-0.00012558771124246586,1.0,0.0,0.0,0.0,0.0,0.0,0.0,0.0,0.0,0.0
/mnt/ssd2tb/boat/thesis/s21fe_dataset/raw/well-lit/20240124_145359.dng,2,-12.293069277317148,-5.831599747498628,3481.5121654041827,-2.3208700121528305,-10.100915160158985,1699.4536524548141,-0.011770280396194295,-0.011510537683158007,1.0,0.0,0.0,0.0,0.0,0.0,0.0,0.0,0.0,0.0
/mnt/ssd2tb/boat/thesis/s21fe_dataset/raw/well-lit/20240119_211937.dng,2,0.7695104696886371,-0.2334445062740948,147.48839730293713,-0.07474643816993268,0.7492297389423535,101.7985011526779,-3.1517066993617356e-05,-0.00014604246011381422,1.0,0.0,0.0,0.0,0.0,0.0,0.0,0.0,0.0,0.0
/mnt/ssd2tb/boat/thesis/s21fe_dataset/raw/well-lit/20240115_165049.dng,2,-5.193616459640293,-1.979595766634512,1428.7407884435424,-0.9802050299625804,-3.5658880783415885,660.346869712342,-0.005961851366806192,-0.0042672484808251795,1.0,0.0,0.0,0.0,0.0,0.0,0.0,0.0,0.0,0.0
/mnt/ssd2tb/boat/thesis/s21fe_dataset/raw/well-lit/20250201_104229.dng,2,0.25618952952774066,-0.4767316123738351,207.65347402786202,-0.11161892126728104,0.1999681574419614,83.2334603757842,-0.00034492121100875066,-0.0013478286284468385,1.0,0.0,0.0,0.0,0.0,0.0,0.0,0.0,0.0,0.0
/mnt/ssd2tb/boat/thesis/s21fe_dataset/raw/well-lit/20250201_103627.dng,2,1.7365203664727142,-0.44473505014237424,-101.54314720812555,0.5434412529404522,0.9735514423672316,-107.43246254797856,0.00122518674425324,-0.0010497915892864352,1.0,0.0,0.0,0.0,0.0,0.0,0.0,0.0,0.0,0.0
/mnt/ssd2tb/boat/thesis/s21fe_dataset/raw/well-lit/20241026_223157.dng,2,0.3092714187866875,-0.28813685815480344,233.5451908952787,-0.3068270747803932,0.9397205377905672,50.964185425583906,-0.0007710721355245541,-1.4472860074274787e-05,1.0,0.0,0.0,0.0,0.0,0.0,0.0,0.0,0.0,0.0
/mnt/ssd2tb/boat/thesis/s21fe_dataset/raw/well-lit/20240119_211800.dng,2,0.6587682672233799,-0.6288293512719387,223.3109719322664,-0.048287326992964064,0.4509085285703222,91.81776849918812,-0.00011404933116833188,-0.0006533673548287329,1.0,0.0,0.0,0.0,0.0,0.0,0.0,0.0,0.0,0.0
/mnt/ssd2tb/boat/thesis/s21fe_dataset/raw/well-lit/20240122_170604.dng,2,3.358230132428132,0.2798404914286225,-640.5929747353483,0.10332836895609647,2.2410322550348245,-205.34299821550889,0.0014904312746821366,0.0009330569382762435,1.0,0.0,0.0,0.0,0.0,0.0,0.0,0.0,0.0,0.0
/mnt/ssd2tb/boat/thesis/s21fe_dataset/raw/well-lit/20250201_112430.dng,2,6.2233761329306825,-0.2636581067472239,-1105.97280966771,2.176780074155515,2.2710536253777147,-481.37311178249655,0.006462853611645354,-0.0009126384692849793,1.0,0.0,0.0,0.0,0.0,0.0,0.0,0.0,0.0,0.0
/mnt/ssd2tb/boat/thesis/s21fe_dataset/raw/well-lit/20240124_150307.dng,2,0.3738923017618623,-0.24708773126018824,208.6836367039397,-0.19046978437624654,0.5215289522294677,120.0078143278241,-0.00018354868970187318,-0.0006556504029714902,1.0,0.0,0.0,0.0,0.0,0.0,0.0,0.0,0.0,0.0
/mnt/ssd2tb/boat/thesis/s21fe_dataset/raw/well-lit/20240124_150058.dng,2,0.9719212232368616,-0.02013272759086214,-34.485777797948195,-0.04144010732269505,0.9276295465789074,62.204146441042134,-0.00015743039038414397,5.562720483561479e-05,1.0,0.0,0.0,0.0,0.0,0.0,0.0,0.0,0.0,0.0
/mnt/ssd2tb/boat/thesis/s21fe_dataset/raw/well-lit/20250201_112652.dng,2,2.5343697061092048,0.4468504535640539,-149.73783265984432,0.9078113903513132,2.4301881695906298,-416.67530683326345,0.00134119355940883,0.0026942382789791114,1.0,0.0,0.0,0.0,0.0,0.0,0.0,0.0,0.0,0.0
/mnt/ssd2tb/boat/thesis/s21fe_dataset/raw/well-lit/20250201_104324.dng,2,0.654008366753962,-0.5289321951342822,189.7653593613584,-0.04971961464013788,0.31256583969064233,85.4125210328553,0.00034886074668218,-0.0015811014258061875,1.0,0.0,0.0,0.0,0.0,0.0,0.0,0.0,0.0,0.0
/mnt/ssd2tb/boat/thesis/s21fe_dataset/raw/well-lit/20250201_112152.dng,2,1.5948140882731976,0.3392523940718564,-143.16458493560197,0.3828456355039777,0.9184605980068687,-0.9823012295668648,0.0011205732792050943,1.2371940277210945e-05,1.0,0.0,0.0,0.0,0.0,0.0,0.0,0.0,0.0,0.0
/mnt/ssd2tb/boat/thesis/s21fe_dataset/raw/well-lit/20240115_164234.dng,2,8.808366662626842,11.50351472548793,-2989.675433280846,-1.1864204050302836,17.419772350826328,-1576.1552539086324,0.003266559320371021,0.02610433944514686,1.0,0.0,0.0,0.0,0.0,0.0,0.0,0.0,0.0,0.0
/mnt/ssd2tb/boat/thesis/s21fe_dataset/raw/well-lit/20250201_112521.dng,2,0.1614692672599608,-0.6591745940313388,269.78223615738534,-0.12422771898555952,0.04138562822475445,116.59428818296672,-0.00031770240612233065,-0.0017018547212432151,1.0,0.0,0.0,0.0,0.0,0.0,0.0,0.0,0.0,0.0
/mnt/ssd2tb/boat/thesis/s21fe_dataset/raw/well-lit/20240119_211958.dng,2,0.2944855686860331,0.28827971317977263,106.91418822943592,-0.14490254653019133,0.8476682432993163,32.957401631303036,-0.0008719071397540758,0.0005186291594058642,1.0,0.0,0.0,0.0,0.0,0.0,0.0,0.0,0.0,0.0
/mnt/ssd2tb/boat/thesis/s21fe_dataset/raw/well-lit/20240115_165459.dng,2,0.3397769449174358,-0.2715727141430199,150.31560531654898,-0.4281627298936481,0.3946291002390789,206.16709429099973,-0.0007067511177775274,-0.0006795482006968789,1.0,0.0,0.0,0.0,0.0,0.0,0.0,0.0,0.0,0.0
/mnt/ssd2tb/boat/thesis/s21fe_dataset/raw/well-lit/20240124_145722.dng,2,0.11056417648251647,0.04137099014288692,138.7416932051038,-0.3990163885197838,0.451361568433169,185.9480687371885,-0.0011266262771859625,-0.00011572562179525724,1.0,0.0,0.0,0.0,0.0,0.0,0.0,0.0,0.0,0.0
/mnt/ssd2tb/boat/thesis/s21fe_dataset/raw/well-lit/20240115_164722.dng,2,0.35013105517266285,-0.106242044098879,98.05997023766564,-0.2065692297878504,0.29078967287146024,147.33979040693114,-0.000676221840751555,-0.0004980620210392289,1.0,0.0,0.0,0.0,0.0,0.0,0.0,0.0,0.0,0.0
/mnt/ssd2tb/boat/thesis/s21fe_dataset/raw/well-lit/20240115_165443.dng,2,0.42208954454015823,0.23335912381149004,195.00698406148368,0.08748560031636067,1.4433937690204777,-134.66098932274068,-0.0002802565292893851,0.0007225632296556158,1.0,0.0,0.0,0.0,0.0,0.0,0.0,0.0,0.0,0.0
/mnt/ssd2tb/boat/thesis/s21fe_dataset/raw/well-lit/20240119_212238.dng,2,0.4254194107092557,-0.062375819990798324,83.35361204070568,-0.3798838319507536,0.4529504096195195,187.18724680702942,-0.0005633968705384653,-0.0005121138829580655,1.0,0.0,0.0,0.0,0.0,0.0,0.0,0.0,0.0,0.0
/mnt/ssd2tb/boat/thesis/s21fe_dataset/raw/well-lit/20240115_160556.dng,2,0.8505538556180556,2.3024799669244604,-296.3484716540989,-0.3794501856172003,3.2920150317972734,-196.2052920874342,-0.001182743725765898,0.0045871681793003705,1.0,0.0,0.0,0.0,0.0,0.0,0.0,0.0,0.0,0.0
/mnt/ssd2tb/boat/thesis/s21fe_dataset/raw/well-lit/20240124_145827.dng,2,2.6159612756952177,1.0908617063004928,-525.1827214772654,0.8753787731843925,4.076254315751459,-756.4568528312833,0.00013750059267499636,0.004261548541157631,1.0,0.0,0.0,0.0,0.0,0.0,0.0,0.0,0.0,0.0
/mnt/ssd2tb/boat/thesis/s21fe_dataset/raw/well-lit/20240117_181712.dng,2,1.2850674480135056,-0.7025650080336715,86.95635921814112,0.2943507827853644,0.4790069060834744,35.0684522228696,0.0010484028921230288,-0.0015456663524016825,1.0,0.0,0.0,0.0,0.0,0.0,0.0,0.0,0.0,0.0
/mnt/ssd2tb/boat/thesis/s21fe_dataset/raw/well-lit/20240118_164028.dng,2,0.2422758038716508,-0.2272932245787236,225.80280082666766,-0.1957481209578782,0.4069218668065646,154.45100095622342,-0.0005047378154198214,-0.0004648949249336762,1.0,0.0,0.0,0.0,0.0,0.0,0.0,0.0,0.0,0.0
/mnt/ssd2tb/boat/thesis/s21fe_dataset/raw/well-lit/20240124_144611.dng,2,1.128085030811539,0.30561799634767384,-135.50547779399466,-0.14741766066989007,1.0741763357526766,68.00072416539531,0.0002556131439468531,-0.00023991057788886515,1.0,0.0,0.0,0.0,0.0,0.0,0.0,0.0,0.0,0.0
/mnt/ssd2tb/boat/thesis/s21fe_dataset/raw/well-lit/20250201_112145.dng,2,0.09465335307360724,-0.22082009459803634,165.72542003526502,-0.4054129099156067,0.2519478269066653,218.95796985727054,-0.0010414587284160119,-0.0005058791074735603,1.0,0.0,0.0,0.0,0.0,0.0,0.0,0.0,0.0,0.0
/mnt/ssd2tb/boat/thesis/s21fe_dataset/raw/well-lit/20240119_211741.dng,2,2.8071217127908565,2.2123405158566163,-394.27956767175937,1.2581958950453305,4.92590871540684,-886.8465510119728,0.0020439540266058267,0.0057368396897516894,1.0,0.0,0.0,0.0,0.0,0.0,0.0,0.0,0.0,0.0
/mnt/ssd2tb/boat/thesis/s21fe_dataset/raw/well-lit/20250201_112720.dng,2,11.353784642736418,11.75933082387376,-3579.189790668611,0.4002489793028638,21.580492491287814,-3057.202440233184,0.0021711939206570567,0.029585467160692106,1.0,0.0,0.0,0.0,0.0,0.0,0.0,0.0,0.0,0.0
/mnt/ssd2tb/boat/thesis/s21fe_dataset/raw/well-lit/20250201_112049.dng,2,-2.1293329327926203,-3.3142993040604685,915.279226956393,-0.678061215974914,-5.184757756304336,926.3925299153876,-0.0014915969892688766,-0.00902051102321464,1.0,0.0,0.0,0.0,0.0,0.0,0.0,0.0,0.0,0.0
/mnt/ssd2tb/boat/thesis/s21fe_dataset/raw/well-lit/20240115_164646.dng,2,1.2417088159915717,-0.5628377915414813,73.03459151490215,-0.09282099756170333,1.0371374310228885,2.316250744878112,0.0009039784394783752,-0.0008616733904875317,1.0,0.0,0.0,0.0,0.0,0.0,0.0,0.0,0.0,0.0
/mnt/ssd2tb/boat/thesis/s21fe_dataset/raw/well-lit/20240116_135612.dng,2,0.6527817004354349,0.7567648103783544,-76.64302380371605,-0.2047185550301169,2.052640390143225,-159.96319593072232,-0.0010773904478594896,0.0018248637044018187,1.0,0.0,0.0,0.0,0.0,0.0,0.0,0.0,0.0,0.0
/mnt/ssd2tb/boat/thesis/s21fe_dataset/raw/well-lit/20250201_112410.dng,2,0.06745245281227719,-0.31628436741467064,213.93794682420327,-0.17836555145244298,0.32724318251051243,77.89548305748995,-0.0009938835806492237,-0.0005799814461239282,1.0,0.0,0.0,0.0,0.0,0.0,0.0,0.0,0.0,0.0
/mnt/ssd2tb/boat/thesis/s21fe_dataset/raw/well-lit/20240116_135153.dng,2,0.8954472205891677,0.07198618815979707,-73.89212462705642,0.03676978474667953,0.7646837602044099,-4.811570137021832,-6.518325926979998e-05,-0.0006274201684515401,1.0,0.0,0.0,0.0,0.0,0.0,0.0,0.0,0.0,0.0
/mnt/ssd2tb/boat/thesis/s21fe_dataset/raw/well-lit/20240124_144856.dng,2,2.6940473934578586,0.26803364741655233,-453.0950940289402,0.038943759066378925,2.257897548321352,-214.17347325501183,0.0018666387868808442,0.00027444164194514954,1.0,0.0,0.0,0.0,0.0,0.0,0.0,0.0,0.0,0.0
/mnt/ssd2tb/boat/thesis/s21fe_dataset/raw/well-lit/20240124_150505.dng,2,1.2530215470161956,-0.24094677787707194,11.151134941910543,0.027634917088672925,1.34038092046471,-116.77466785820856,-2.8671432826919207e-05,0.0004112054413663084,1.0,0.0,0.0,0.0,0.0,0.0,0.0,0.0,0.0,0.0
/mnt/ssd2tb/boat/thesis/s21fe_dataset/raw/well-lit/20250201_112632.dng,2,2.8054132982890407,0.6843448422338533,-389.61027438176905,0.6796111929699135,2.3074804534534197,-323.8755525467108,0.0014210239868318966,0.0019377298129638766,1.0,0.0,0.0,0.0,0.0,0.0,0.0,0.0,0.0,0.0
/mnt/ssd2tb/boat/thesis/s21fe_dataset/raw/well-lit/20250201_105547.dng,2,0.6980583029745235,0.7985658191530114,-59.74347057060543,0.0669251562264634,1.8725946892145189,-158.36422121753213,-0.0012020397739025668,0.002326159790731852,1.0,0.0,0.0,0.0,0.0,0.0,0.0,0.0,0.0,0.0
/mnt/ssd2tb/boat/thesis/s21fe_dataset/raw/well-lit/20240124_144900.dng,2,-14.684697168195,-3.1232994054217245,2693.1159931472157,-4.387508817897783,-15.775748261614304,3239.1752494205152,-0.01925660922436078,-0.012139305989452023,1.0,0.0,0.0,0.0,0.0,0.0,0.0,0.0,0.0,0.0
/mnt/ssd2tb/boat/thesis/s21fe_dataset/raw/well-lit/20240119_212318.dng,2,-4.464039510864418,-19.137744506967348,3324.0973034201506,1.250459782714643,-26.83080909578176,3146.298450745487,0.006117241547306068,-0.048213241742182035,1.0,0.0,0.0,0.0,0.0,0.0,0.0,0.0,0.0,0.0
/mnt/ssd2tb/boat/thesis/s21fe_dataset/raw/well-lit/20250201_112740.dng,2,0.7783859619353515,-0.14499824030149072,17.571667387652536,-0.19588141517467653,0.6915173454249828,61.754375417011175,-0.0001858332399366364,-0.0005840784993123446,1.0,0.0,0.0,0.0,0.0,0.0,0.0,0.0,0.0,0.0
/mnt/ssd2tb/boat/thesis/s21fe_dataset/raw/well-lit/20240115_124716.dng,2,1.4217290344217508,0.10565890775826206,-192.847230025955,-0.13226249380291893,1.2763106220411995,2.805111255844494,-0.00012940964897784844,0.00018084947814901432,1.0,0.0,0.0,0.0,0.0,0.0,0.0,0.0,0.0,0.0
/mnt/ssd2tb/boat/thesis/s21fe_dataset/raw/well-lit/20240115_164318.dng,2,1.526992330434679,0.14465126518175464,-119.37365976513651,-0.007571281485058838,1.2142997548416314,65.45395979522871,0.0008199195783032264,-0.00013364327928283576,1.0,0.0,0.0,0.0,0.0,0.0,0.0,0.0,0.0,0.0
/mnt/ssd2tb/boat/thesis/s21fe_dataset/raw/well-lit/20240118_160041.dng,2,2.202332431605104,-0.0926295360923998,-197.9895985146521,0.9125573978318672,1.4800699754437467,-359.5005669907638,0.0015865093466962284,-0.0006252204409483973,1.0,0.0,0.0,0.0,0.0,0.0,0.0,0.0,0.0,0.0
/mnt/ssd2tb/boat/thesis/s21fe_dataset/raw/well-lit/20250201_103942.dng,2,0.5989737153405482,0.006880594303047681,-13.841008328686785,-0.024900171429178733,0.40043839257394703,106.5216977556183,-0.0005206621570606113,-0.0005045823232143282,1.0,0.0,0.0,0.0,0.0,0.0,0.0,0.0,0.0,0.0
/mnt/ssd2tb/boat/thesis/s21fe_dataset/raw/well-lit/20241026_223226.dng,2,6.3696931840203055,3.4386512232034945,-1537.8472633647891,2.0676545499847374,7.503164133514179,-1398.909470944868,0.0051009108274963685,0.005912996133366579,1.0,0.0,0.0,0.0,0.0,0.0,0.0,0.0,0.0,0.0
/mnt/ssd2tb/boat/thesis/s21fe_dataset/raw/well-lit/20250201_112301.dng,2,2.3997968718261307,0.8760257972780887,-349.23912248629074,0.7564493195206116,2.54194088970141,-331.33735527117403,0.002234409912654894,0.0011933780215316002,1.0,0.0,0.0,0.0,0.0,0.0,0.0,0.0,0.0,0.0
/mnt/ssd2tb/boat/thesis/s21fe_dataset/raw/well-lit/20240119_212609.dng,2,2.8094875238931776,-0.23021559814709225,-278.1533502092292,-0.003791909903393453,1.7620438773225966,-59.14856641008529,0.0019966937025365644,-8.997606378398332e-05,1.0,0.0,0.0,0.0,0.0,0.0,0.0,0.0,0.0,0.0
/mnt/ssd2tb/boat/thesis/s21fe_dataset/raw/well-lit/20240115_164700.dng,2,0.8416399939033476,0.9376403705341492,9.2509116605643,0.10365564864253696,2.353624472685472,-273.47336439592004,-0.0002730258061347195,0.002272223418875193,1.0,0.0,0.0,0.0,0.0,0.0,0.0,0.0,0.0,0.0
/mnt/ssd2tb/boat/thesis/s21fe_dataset/raw/well-lit/20240115_170210.dng,2,-5.5666085218804335,-0.7055277062728553,1342.035266224075,-2.1550715801833342,-2.9511860407351835,933.3372578241347,-0.006773020819220457,-0.0024195005193514635,1.0,0.0,0.0,0.0,0.0,0.0,0.0,0.0,0.0,0.0
/mnt/ssd2tb/boat/thesis/s21fe_dataset/raw/well-lit/20250201_110730.dng,2,1.7281438171901806,0.8485639823873744,-288.9432476171466,0.41876917842767897,1.94955865533826,-203.71062642524433,0.0004970847038465467,0.0011481879450883994,1.0,0.0,0.0,0.0,0.0,0.0,0.0,0.0,0.0,0.0
/mnt/ssd2tb/boat/thesis/s21fe_dataset/raw/well-lit/20240116_135128.dng,2,1.7010232348256722,-0.09649336421764836,-27.306437386393,0.022963501279607043,0.972144031375206,96.83922257418585,0.0006527444348144259,0.0004268005839386324,1.0,0.0,0.0,0.0,0.0,0.0,0.0,0.0,0.0,0.0
/mnt/ssd2tb/boat/thesis/s21fe_dataset/raw/well-lit/20250201_112643.dng,2,6.716030794248109,1.4631859511703575,-1401.5145717275686,2.9553455654097984,7.487384514962839,-1729.4254289066675,0.004358437014407855,0.006538646525935251,1.0,0.0,0.0,0.0,0.0,0.0,0.0,0.0,0.0,0.0
/mnt/ssd2tb/boat/thesis/s21fe_dataset/raw/well-lit/20240115_165325.dng,2,0.7782796446121051,-0.3124410582220597,123.78607236809285,-0.11957583979969733,0.7219958306447674,43.82127363875447,0.00017137925139116427,-0.0009918763753081416,1.0,0.0,0.0,0.0,0.0,0.0,0.0,0.0,0.0,0.0
/mnt/ssd2tb/boat/thesis/s21fe_dataset/raw/well-lit/20240115_164358.dng,2,11.821616263792324,-0.9067176218214634,-1666.8550176148221,4.6898966072528285,4.333683595521249,-1180.1510516585688,0.0156760496238676,-0.0007848198402455426,1.0,0.0,0.0,0.0,0.0,0.0,0.0,0.0,0.0,0.0
/mnt/ssd2tb/boat/thesis/s21fe_dataset/raw/well-lit/20240122_170704.dng,2,0.9698917626103338,-0.646089480961916,116.09669541984137,0.20520753280519016,0.3495285412970828,-20.63380281690116,0.0008744460644540244,-0.0020962508007418817,1.0,0.0,0.0,0.0,0.0,0.0,0.0,0.0,0.0,0.0
/mnt/ssd2tb/boat/thesis/s21fe_dataset/raw/well-lit/20240124_144536.dng,2,0.3155862549560886,0.40813351569519934,21.44649076689852,-0.4295250069823304,0.8841765343311596,145.3363672208684,-0.0008881069144159086,0.00017584157521199957,1.0,0.0,0.0,0.0,0.0,0.0,0.0,0.0,0.0,0.0
/mnt/ssd2tb/boat/thesis/s21fe_dataset/raw/well-lit/20240115_164538.dng,2,5.085264249102652,0.4056429560235689,-750.4997856315797,0.8274920598354798,3.974648265108809,-587.6211309695375,0.006600095132663308,-1.8930546756801845e-05,1.0,0.0,0.0,0.0,0.0,0.0,0.0,0.0,0.0,0.0
/mnt/ssd2tb/boat/thesis/s21fe_dataset/raw/well-lit/20240118_164206.dng,2,0.7773298604473287,4.5751478897172895,-641.5755432358369,-1.0747066101658933,6.4385365555768015,-447.72697380997863,-0.003749814142186547,0.010630801418891668,1.0,0.0,0.0,0.0,0.0,0.0,0.0,0.0,0.0,0.0
/mnt/ssd2tb/boat/thesis/s21fe_dataset/raw/well-lit/20240115_164919.dng,2,1.70881312419773,0.06696006476228862,-151.60146520146674,0.724087379856596,1.2478569863185518,-226.61495256879883,0.0008961835884912432,9.839570279137515e-05,1.0,0.0,0.0,0.0,0.0,0.0,0.0,0.0,0.0,0.0
/mnt/ssd2tb/boat/thesis/s21fe_dataset/raw/well-lit/20240118_160048.dng,2,0.6851691663969047,0.7862928460957473,-44.113822249396016,-0.4476828040139587,1.51252982292079,108.40731575729315,-0.0010157776738721357,0.002284525650709167,1.0,0.0,0.0,0.0,0.0,0.0,0.0,0.0,0.0,0.0
/mnt/ssd2tb/boat/thesis/s21fe_dataset/raw/well-lit/20250201_104346.dng,2,0.2936929383268189,0.007420784700047256,174.16871807359627,-0.2935505435674953,0.4341847963443665,207.08264753250216,-0.00037472305084056313,-0.00036134832041057356,1.0,0.0,0.0,0.0,0.0,0.0,0.0,0.0,0.0,0.0
/mnt/ssd2tb/boat/thesis/s21fe_dataset/raw/well-lit/20250201_110749.dng,2,7.51589716047945,1.972502919520124,-1770.5018930904168,1.1746641689827602,6.380826396599638,-1119.7543982455438,0.004905425939591297,0.0036893423723515133,1.0,0.0,0.0,0.0,0.0,0.0,0.0,0.0,0.0,0.0
/mnt/ssd2tb/boat/thesis/s21fe_dataset/raw/well-lit/20250201_103719.dng,2,1.0688809678761422,0.3907051990104945,-81.69039388132478,0.3843313212368824,1.2619382399828418,-196.24399505634102,-0.0002442975673733745,0.0007177173949819537,1.0,0.0,0.0,0.0,0.0,0.0,0.0,0.0,0.0,0.0
/mnt/ssd2tb/boat/thesis/s21fe_dataset/raw/well-lit/20250201_105951.dng,2,0.9473249178741184,-0.2193996527880849,65.5758939363721,-0.18754155775060485,0.9901646853250741,94.87028326893706,-0.0003204453058768176,0.00017689287749046972,1.0,0.0,0.0,0.0,0.0,0.0,0.0,0.0,0.0,0.0
/mnt/ssd2tb/boat/thesis/s21fe_dataset/raw/well-lit/20240124_145419.dng,2,0.01544013546342582,-0.11999432887687067,184.98246054346103,-0.44694905642164295,0.2834201698923754,212.5105767652875,-0.0012315185739337506,-0.00022334572131858224,1.0,0.0,0.0,0.0,0.0,0.0,0.0,0.0,0.0,0.0
/mnt/ssd2tb/boat/thesis/s21fe_dataset/raw/well-lit/20240115_165838.dng,2,1.5089565233499718,0.5762826568858284,-206.24860419021584,-0.16005686975529293,1.6714836152122257,-65.43417742623093,0.00022229220310100028,0.0008050373883136372,1.0,0.0,0.0,0.0,0.0,0.0,0.0,0.0,0.0,0.0
/mnt/ssd2tb/boat/thesis/s21fe_dataset/raw/well-lit/20240124_145624.dng,2,3.28308586823888,-0.4507166080132644,-281.7236818154296,0.8198195607399831,1.853950824687032,-374.786587585709,0.0027507474937470433,-0.0006816561495054843,1.0,0.0,0.0,0.0,0.0,0.0,0.0,0.0,0.0,0.0
/mnt/ssd2tb/boat/thesis/s21fe_dataset/raw/well-lit/20240117_181643.dng,2,2.370986580220732,-0.4649255768901507,-208.275706797436,0.9703889417378332,0.7396503049227611,-205.63482728508046,0.0016936340739167727,-0.0011279758228724818,1.0,0.0,0.0,0.0,0.0,0.0,0.0,0.0,0.0,0.0
/mnt/ssd2tb/boat/thesis/s21fe_dataset/raw/well-lit/20250201_112444.dng,2,22.09607515940841,-2.3823789173789005,-3151.8357834757726,7.660470763804067,9.870431420431398,-2810.414586894577,0.028342151675484893,-0.0038264821598154603,1.0,0.0,0.0,0.0,0.0,0.0,0.0,0.0,0.0,0.0
/mnt/ssd2tb/boat/thesis/s21fe_dataset/raw/well-lit/20240119_204457.dng,2,0.08214104564543813,-0.24683642796196306,180.7082632145656,-0.3310749918866418,0.32019103468434873,150.93947783279768,-0.0010934900769855745,-0.0004177574030372837,1.0,0.0,0.0,0.0,0.0,0.0,0.0,0.0,0.0,0.0
/mnt/ssd2tb/boat/thesis/s21fe_dataset/raw/well-lit/20240115_165451.dng,2,0.4429603037759699,0.328938731031299,132.19357426976444,-0.007322880669086945,1.5853969581755458,-141.22945866124869,-0.0005216983425154222,0.0009272491966211961,1.0,0.0,0.0,0.0,0.0,0.0,0.0,0.0,0.0,0.0
/mnt/ssd2tb/boat/thesis/s21fe_dataset/raw/well-lit/20240115_170114.dng,2,-16.848558083851767,-9.314856364899908,4815.9068638629,-6.827116656350768,-17.076979563692372,3736.728703130591,-0.017088396260220785,-0.017201056563616368,1.0,0.0,0.0,0.0,0.0,0.0,0.0,0.0,0.0,0.0
/mnt/ssd2tb/boat/thesis/s21fe_dataset/raw/well-lit/20250201_111757.dng,2,2.0076701400693917,-0.2701270179384786,-195.36500053978475,0.6099428368252676,0.8850634418321954,-131.78628341612884,0.0010165892979236456,-0.0007169566181829607,1.0,0.0,0.0,0.0,0.0,0.0,0.0,0.0,0.0,0.0
/mnt/ssd2tb/boat/thesis/s21fe_dataset/raw/well-lit/20240124_145945.dng,2,0.6924435848297306,-0.3753395665248984,78.23937866638724,-0.11506900259677055,0.5786873216481715,23.42888116338709,-0.00044137985101719003,-0.0007434711927626818,1.0,0.0,0.0,0.0,0.0,0.0,0.0,0.0,0.0,0.0
/mnt/ssd2tb/boat/thesis/s21fe_dataset/raw/well-lit/20240117_183545.dng,2,0.13329065486533398,-0.5162526623785899,276.8015827705201,-0.16330962077202504,0.30059664571365463,87.91575540888294,-0.0005713712398052352,-0.0010875516545916784,1.0,0.0,0.0,0.0,0.0,0.0,0.0,0.0,0.0,0.0
/mnt/ssd2tb/boat/thesis/s21fe_dataset/raw/well-lit/20240118_163747.dng,2,1.311241782547267,-0.7327049499272922,115.37629277683108,0.3678986872555257,0.5185903868602768,-87.54852649040741,0.0010465945783584966,-0.001601251305576593,1.0,0.0,0.0,0.0,0.0,0.0,0.0,0.0,0.0,0.0
/mnt/ssd2tb/boat/thesis/s21fe_dataset/raw/well-lit/20240119_212321.dng,2,0.8559512603404745,-0.19912067965144886,32.204869018138254,-0.3006494851507139,0.9297754552757548,86.28911339468583,-0.0004032391896401912,-0.0001540813936978933,1.0,0.0,0.0,0.0,0.0,0.0,0.0,0.0,0.0,0.0
/mnt/ssd2tb/boat/thesis/s21fe_dataset/raw/well-lit/20250201_103641.dng,2,2.548553097300018,0.17514900836759706,-391.58564623560926,-0.5734087215371055,2.009630080139827,159.58821669369652,0.001064011546660972,0.0010980123150783423,1.0,0.0,0.0,0.0,0.0,0.0,0.0,0.0,0.0,0.0
/mnt/ssd2tb/boat/thesis/s21fe_dataset/raw/well-lit/20250201_112916.dng,2,0.4300371897434775,-0.24696794147296874,204.68885633645885,-0.18418376545977191,0.5202441537176302,105.49330816132584,-0.00025799902202408955,-0.0005250306406723951,1.0,0.0,0.0,0.0,0.0,0.0,0.0,0.0,0.0,0.0
/mnt/ssd2tb/boat/thesis/s21fe_dataset/raw/well-lit/20240118_164216.dng,2,-5.8040252229309885,-6.473437319718447,1732.652821045344,-1.348766977369012,-10.777341496480878,1685.871235721702,-0.004443682111127615,-0.017433223722164475,1.0,0.0,0.0,0.0,0.0,0.0,0.0,0.0,0.0,0.0
/mnt/ssd2tb/boat/thesis/s21fe_dataset/raw/well-lit/20250201_111833.dng,2,0.6556186047049686,-0.4284376247245166,96.03145400593418,-0.09795813305106202,0.2548427820292644,151.8029777708366,-0.00020013766695010744,-0.0010719801481944072,1.0,0.0,0.0,0.0,0.0,0.0,0.0,0.0,0.0,0.0
/mnt/ssd2tb/boat/thesis/s21fe_dataset/raw/well-lit/20240119_172331.dng,2,1.5195084469910929,0.883051038388075,-154.33816883221638,0.8551796666935594,2.914966003550958,-570.7954563796262,0.00046068382966130773,0.0025842008985015948,1.0,0.0,0.0,0.0,0.0,0.0,0.0,0.0,0.0,0.0
/mnt/ssd2tb/boat/thesis/s21fe_dataset/raw/well-lit/20240124_144607.dng,2,0.026443156927863143,-0.03752639801533554,198.94754940059715,-0.3669932562393525,0.5693384598475468,126.6955651334219,-0.0012988019815194259,0.00021442254096109832,1.0,0.0,0.0,0.0,0.0,0.0,0.0,0.0,0.0,0.0
/mnt/ssd2tb/boat/thesis/s21fe_dataset/raw/well-lit/20250201_104256.dng,2,0.42900920071249865,1.5578521302104598,-181.47036620118956,-0.6427609948933064,1.6800862322691763,127.8222516079636,-0.0018557304286087148,0.00290102817543848,1.0,0.0,0.0,0.0,0.0,0.0,0.0,0.0,0.0,0.0
/mnt/ssd2tb/boat/thesis/s21fe_dataset/raw/well-lit/20240122_171348.dng,2,-17.630931417585433,1.1143345072818862,3437.8482033483106,-6.1840610963658795,-5.6881996903497996,2146.9913229889785,-0.02015551780124059,0.000708197223356502,1.0,0.0,0.0,0.0,0.0,0.0,0.0,0.0,0.0,0.0
/mnt/ssd2tb/boat/thesis/s21fe_dataset/raw/well-lit/20250201_112248.dng,2,1.7407937427431242,1.006574972496848,-311.58603931493025,-0.30108208775099105,2.5027769943926845,-151.75086625456768,-2.985332489816679e-05,0.0017051329933865653,1.0,0.0,0.0,0.0,0.0,0.0,0.0,0.0,0.0,0.0
/mnt/ssd2tb/boat/thesis/s21fe_dataset/raw/well-lit/20240119_172512.dng,2,0.1581054320098908,-0.4750588512100706,236.79401609675662,-0.14102852508369962,0.15956742597689044,103.07685468463785,-0.0006540375177829942,-0.0011211326844256077,1.0,0.0,0.0,0.0,0.0,0.0,0.0,0.0,0.0,0.0
/mnt/ssd2tb/boat/thesis/s21fe_dataset/raw/well-lit/20240118_164341.dng,2,7.353505840298711,0.0035269911720147147,-1255.2832578103187,2.6810896797026795,3.246635793035949,-763.6687839687444,0.008629500927980689,-0.0011851686975934107,1.0,0.0,0.0,0.0,0.0,0.0,0.0,0.0,0.0,0.0
/mnt/ssd2tb/boat/thesis/s21fe_dataset/raw/well-lit/20240124_144719.dng,2,-5.419792431714085,-4.507628615395396,1536.5985730773345,-1.7864709019690264,-8.034516752352012,1305.538978071564,-0.006413282971356657,-0.011703039205399977,1.0,0.0,0.0,0.0,0.0,0.0,0.0,0.0,0.0,0.0
/mnt/ssd2tb/boat/thesis/s21fe_dataset/raw/well-lit/20240115_165821.dng,2,0.06349644769752971,-0.08935613558593236,178.4006813055271,-0.4987014531449013,0.4467806779297017,214.83031809602642,-0.001264021237091256,0.00011124921358316624,1.0,0.0,0.0,0.0,0.0,0.0,0.0,0.0,0.0,0.0
/mnt/ssd2tb/boat/thesis/s21fe_dataset/raw/well-lit/20240124_145653.dng,2,113.68581284647185,-2.284646902868195,-21822.032176428616,41.587837430707246,26.09512834417995,-9716.890817064605,0.14546426849843705,-0.027077307785009132,1.0,0.0,0.0,0.0,0.0,0.0,0.0,0.0,0.0,0.0
/mnt/ssd2tb/boat/thesis/s21fe_dataset/raw/well-lit/20250201_112708.dng,2,2.275286680911704,-0.07764660493826109,-76.31951566952047,0.22838912630579564,2.418782051282081,-313.10310541311026,0.001715930674264028,0.0004908594491928143,1.0,0.0,0.0,0.0,0.0,0.0,0.0,0.0,0.0,0.0
/mnt/ssd2tb/boat/thesis/s21fe_dataset/raw/well-lit/20250201_104312.dng,2,0.7934625919757109,-0.4473010677235816,110.51425002313049,0.1782825089362483,0.5025501089828778,-26.06490392029995,0.0002781868918979017,-0.001203084677626607,1.0,0.0,0.0,0.0,0.0,0.0,0.0,0.0,0.0,0.0
/mnt/ssd2tb/boat/thesis/s21fe_dataset/raw/well-lit/20250201_112540.dng,2,1.488018910599222,0.2509356906732585,-221.64214767365087,0.3256658769680185,1.7215999192411902,-273.02017948393865,0.00043302448193596526,5.1113181194970035e-05,1.0,0.0,0.0,0.0,0.0,0.0,0.0,0.0,0.0,0.0
/mnt/ssd2tb/boat/thesis/s21fe_dataset/raw/well-lit/20240117_183816.dng,2,3.332589755342528,-0.28744846613165753,-209.208394698092,0.8179655330468086,2.6431242047629437,-368.3408373658809,0.0031324201256349767,0.00018252882891009242,1.0,0.0,0.0,0.0,0.0,0.0,0.0,0.0,0.0,0.0
/mnt/ssd2tb/boat/thesis/s21fe_dataset/raw/well-lit/20250201_111428.dng,2,5.142724143921232,-0.01879356393719456,-634.2775714937316,1.022032068641436,4.561329182836008,-679.7619699042567,0.0037065213682373095,0.0031609543042023765,1.0,0.0,0.0,0.0,0.0,0.0,0.0,0.0,0.0,0.0
/mnt/ssd2tb/boat/thesis/s21fe_dataset/raw/well-lit/20240119_172311.dng,2,0.6625652350897957,-0.10711965494044244,146.062550953847,-0.02555626041723316,0.8394826145443345,48.97745291862881,-3.2836929543264906e-05,-0.00041909546714486096,1.0,0.0,0.0,0.0,0.0,0.0,0.0,0.0,0.0,0.0
/mnt/ssd2tb/boat/thesis/s21fe_dataset/raw/well-lit/20240119_211927.dng,2,0.4702611755789615,0.04258860580852103,24.65240042855117,-0.4232976259924037,0.4858899040712038,195.03173100074798,-0.0007107196356978607,-0.0003938567106261673,1.0,0.0,0.0,0.0,0.0,0.0,0.0,0.0,0.0,0.0
/mnt/ssd2tb/boat/thesis/s21fe_dataset/raw/well-lit/20240124_150153.dng,2,1.0343746310943198,-0.5983920631173015,163.6909455790347,0.09270599693070417,0.9739405028922192,-2.2015700625661623,0.00014756227127847587,-0.00013772478652658012,1.0,0.0,0.0,0.0,0.0,0.0,0.0,0.0,0.0,0.0
/mnt/ssd2tb/boat/thesis/s21fe_dataset/raw/well-lit/20240124_145817.dng,2,0.09616973258503557,-0.5914234507756673,273.25019039809763,-0.14279947454269226,0.02800737106846385,128.623477153039,-0.0005254302852881562,-0.0014542910335152818,1.0,0.0,0.0,0.0,0.0,0.0,0.0,0.0,0.0,0.0
/mnt/ssd2tb/boat/thesis/s21fe_dataset/raw/well-lit/20250201_111559.dng,2,0.31231448238818915,-0.5972813130170818,232.9887770679022,-0.07800397184373425,0.023515387949726352,121.11792559507003,-0.0002179095757713005,-0.001545391153577931,1.0,0.0,0.0,0.0,0.0,0.0,0.0,0.0,0.0,0.0
/mnt/ssd2tb/boat/thesis/s21fe_dataset/raw/well-lit/20240118_164347.dng,2,0.3684638127682296,0.004874520350555883,79.9272707013272,-0.2694583247238921,0.7682333953213089,101.59877343885876,-0.0012249744781958484,0.0005597938638767561,1.0,0.0,0.0,0.0,0.0,0.0,0.0,0.0,0.0,0.0
/mnt/ssd2tb/boat/thesis/s21fe_dataset/raw/well-lit/20250201_111536.dng,2,1.0256552874160434,-0.24131697001675506,-52.064864963217026,0.19646218754401126,0.6428829731745987,-80.5860954263988,0.00027919967869082174,-0.001088537591758084,1.0,0.0,0.0,0.0,0.0,0.0,0.0,0.0,0.0,0.0
/mnt/ssd2tb/boat/thesis/s21fe_dataset/raw/well-lit/20240124_150128.dng,2,0.18522533124490487,-0.4511741813627526,236.01789290294232,-0.16912835457307926,0.2657231114816563,97.19563715076248,-0.00048079098079514295,-0.0012072285296705345,1.0,0.0,0.0,0.0,0.0,0.0,0.0,0.0,0.0,0.0
/mnt/ssd2tb/boat/thesis/s21fe_dataset/raw/well-lit/20240124_145644.dng,2,1.1920978159316689,-0.1818020256455256,-12.791585988387967,-0.14541273430553595,0.6406758470655902,138.70905718115577,0.0008180665195275515,-0.001048817696414924,1.0,0.0,0.0,0.0,0.0,0.0,0.0,0.0,0.0,0.0
/mnt/ssd2tb/boat/thesis/s21fe_dataset/raw/well-lit/20240115_164246.dng,2,1.3946391857594007,-0.04532476175034258,-153.99709179289067,0.1375898562348023,0.7248534059883132,-24.859449090594648,0.0009050784345514604,-0.0012266383354399668,1.0,0.0,0.0,0.0,0.0,0.0,0.0,0.0,0.0,0.0
/mnt/ssd2tb/boat/thesis/s21fe_dataset/raw/well-lit/20250201_112850.dng,2,1.7858841754607138,-0.4251892748153701,-39.57422601161055,0.4489889812938359,1.042784844037596,-98.6919421343281,0.002041838469960691,-0.0011548675658675947,1.0,0.0,0.0,0.0,0.0,0.0,0.0,0.0,0.0,0.0
/mnt/ssd2tb/boat/thesis/s21fe_dataset/raw/well-lit/20240115_164346.dng,2,0.8239201647132335,0.08590670686069002,-29.52795192295947,-0.3799916659095178,0.6192849826287751,217.1830017003484,-1.825279389430369e-05,-0.0004219775536604715,1.0,0.0,0.0,0.0,0.0,0.0,0.0,0.0,0.0,0.0
/mnt/ssd2tb/boat/thesis/s21fe_dataset/raw/well-lit/20250201_103938.dng,2,7.473747656040662,0.7195285293329715,-1372.085721939448,2.5154924546834327,6.060016519332048,-1330.908384677193,0.0059826770247342976,0.0038284668273952773,1.0,0.0,0.0,0.0,0.0,0.0,0.0,0.0,0.0,0.0
/mnt/ssd2tb/boat/thesis/s21fe_dataset/raw/well-lit/20250201_105217.dng,2,0.33392403573895724,-0.6144316913757335,224.94804399808643,-0.10372382015136923,0.11253512787229324,115.17176470588221,-0.00010790766170967379,-0.0016046093234041458,1.0,0.0,0.0,0.0,0.0,0.0,0.0,0.0,0.0,0.0
/mnt/ssd2tb/boat/thesis/s21fe_dataset/raw/well-lit/20240124_145007.dng,2,1.934096212002714,-0.7397495307367412,-73.5438761145013,0.4180400065547876,0.6670493396795641,-110.71984983575814,0.0016561547972857205,-0.001905683671873248,1.0,0.0,0.0,0.0,0.0,0.0,0.0,0.0,0.0,0.0
/mnt/ssd2tb/boat/thesis/s21fe_dataset/raw/well-lit/20240122_171426.dng,2,-33.3944739066948,-18.554958990744325,9104.298824072055,-13.328828903016305,-36.16748740077124,8032.221351164506,-0.027229706731666973,-0.04335205375671188,1.0,0.0,0.0,0.0,0.0,0.0,0.0,0.0,0.0,0.0
/mnt/ssd2tb/boat/thesis/s21fe_dataset/raw/well-lit/20240115_165622.dng,2,3.7295489296636246,2.62461773700308,-626.3165137614742,1.7086200305810402,4.708620030581061,-754.0504587155976,0.0036314984709480227,0.00649847094801228,1.0,0.0,0.0,0.0,0.0,0.0,0.0,0.0,0.0,0.0
/mnt/ssd2tb/boat/thesis/s21fe_dataset/raw/well-lit/20240119_212217.dng,2,0.5171082076550285,0.18513748254531864,19.419318536716407,0.07135894305479304,0.6713577170300801,-16.65051325268475,-0.0005796731116853137,-0.00022186746371172347,1.0,0.0,0.0,0.0,0.0,0.0,0.0,0.0,0.0,0.0
/mnt/ssd2tb/boat/thesis/s21fe_dataset/raw/well-lit/20250201_112347.dng,2,1.66653618437149,-0.6419606595880032,22.440769193129015,0.008138833162076017,0.5767276671396666,173.25155355482704,0.0010927892221624267,-0.000772699841790218,1.0,0.0,0.0,0.0,0.0,0.0,0.0,0.0,0.0,0.0
/mnt/ssd2tb/boat/thesis/s21fe_dataset/raw/well-lit/20240119_172529.dng,2,1.1128236063999586,-0.4002509315157029,5.974245187150379,-0.14477770274109286,0.2778390565538916,207.77659897559985,0.00047851907476771584,-0.0013189976237432438,1.0,0.0,0.0,0.0,0.0,0.0,0.0,0.0,0.0,0.0
/mnt/ssd2tb/boat/thesis/s21fe_dataset/raw/well-lit/20240124_145807.dng,2,0.15264597771617305,0.10163645245722447,92.54820322785595,-0.4569805256958973,0.6208759512456918,173.71952867125344,-0.0014556433916870911,0.00037302637907593583,1.0,0.0,0.0,0.0,0.0,0.0,0.0,0.0,0.0,0.0
/mnt/ssd2tb/boat/thesis/s21fe_dataset/raw/well-lit/20240115_164635.dng,2,0.18917636991256048,-0.12991533737144706,170.19116155732647,-0.3429088172774913,0.4587217581870725,189.41590494853875,-0.0008487009298975778,-0.0003263282673938439,1.0,0.0,0.0,0.0,0.0,0.0,0.0,0.0,0.0,0.0
/mnt/ssd2tb/boat/thesis/s21fe_dataset/raw/well-lit/20250201_112100.dng,2,0.8607247236689147,2.1463044147055075,-234.64282418090968,-0.7546970795701871,4.3301992001231895,-222.95293031842618,-0.0018513635264904558,0.005864482387325242,1.0,0.0,0.0,0.0,0.0,0.0,0.0,0.0,0.0,0.0
/mnt/ssd2tb/boat/thesis/s21fe_dataset/raw/well-lit/20240117_183124.dng,2,0.8782267090962608,-0.3960647115572589,147.69372547917516,-0.04665651880705253,0.9048646942295157,27.56301039313964,0.0003783129088267451,-0.0007245753236368072,1.0,0.0,0.0,0.0,0.0,0.0,0.0,0.0,0.0,0.0
/mnt/ssd2tb/boat/thesis/s21fe_dataset/raw/well-lit/20240122_170630.dng,2,-8.610821839163835,0.4394079231041181,1480.9426187811364,-3.2338491175287385,-2.581150470667408,916.3963780648963,-0.011988031045157707,0.0001953039838378976,1.0,0.0,0.0,0.0,0.0,0.0,0.0,0.0,0.0,0.0
/mnt/ssd2tb/boat/thesis/s21fe_dataset/raw/well-lit/20250201_112626.dng,2,-4.316992393544397,-0.3841534110400561,1002.7281382110164,-1.8383980703143483,-1.7004211192417182,677.7667250455836,-0.005834238249629602,-0.0014877382767126313,1.0,0.0,0.0,0.0,0.0,0.0,0.0,0.0,0.0,0.0
/mnt/ssd2tb/boat/thesis/s21fe_dataset/raw/well-lit/20241026_223212.dng,2,0.0987378930443008,-0.29053189508272337,218.7217537740044,-0.3042424321306311,0.2937933726202516,155.6161516851109,-0.0008902296008100332,-0.0005856158920417475,1.0,0.0,0.0,0.0,0.0,0.0,0.0,0.0,0.0,0.0
/mnt/ssd2tb/boat/thesis/s21fe_dataset/raw/well-lit/20250201_110739.dng,2,0.26812380618951176,0.2135900685688727,88.37256289463251,-0.2133534198650089,0.9706962822391044,5.275652698873343,-0.0008735538192039085,0.00021767969425261896,1.0,0.0,0.0,0.0,0.0,0.0,0.0,0.0,0.0,0.0
/mnt/ssd2tb/boat/thesis/s21fe_dataset/raw/well-lit/20240124_145740.dng,2,0.2522461842401185,1.1965693342824093,-74.57595046429441,-0.6059367519659359,2.047031692000845,58.35174266234147,-0.001836411979014807,0.0027959181176106483,1.0,0.0,0.0,0.0,0.0,0.0,0.0,0.0,0.0,0.0
/mnt/ssd2tb/boat/thesis/s21fe_dataset/raw/well-lit/20240116_135139.dng,2,-9.511807653574918,-0.4729103726082548,1719.149244712974,-2.3764098690835644,-5.004846424974758,979.8691842900212,-0.011379657603222444,-0.004128902316213443,1.0,0.0,0.0,0.0,0.0,0.0,0.0,0.0,0.0,0.0
/mnt/ssd2tb/boat/thesis/s21fe_dataset/raw/well-lit/20250201_103659.dng,2,4.596598253620682,4.0085692176466825,-1160.2499274540264,0.5476627008204236,8.490751488291494,-1128.8296093069835,0.0004682512464716177,0.011718372156417864,1.0,0.0,0.0,0.0,0.0,0.0,0.0,0.0,0.0,0.0
/mnt/ssd2tb/boat/thesis/s21fe_dataset/raw/well-lit/20240119_212132.dng,2,0.30050531863550434,-0.10223063079293604,148.39270384884674,-0.2959098309491206,0.582216838162934,154.61035927334174,-0.0006968710249661695,-0.00026652166172228106,1.0,0.0,0.0,0.0,0.0,0.0,0.0,0.0,0.0,0.0
/mnt/ssd2tb/boat/thesis/s21fe_dataset/raw/well-lit/20240122_171355.dng,2,0.9471430889867932,-0.6416757707821166,135.46719312203751,0.2712575158431366,0.417534130537187,-61.16007647456994,0.000451643292839808,-0.0014474553997300336,1.0,0.0,0.0,0.0,0.0,0.0,0.0,0.0,0.0,0.0
/mnt/ssd2tb/boat/thesis/s21fe_dataset/raw/well-lit/20250201_110039.dng,2,-12.582404941849095,-0.7618276096121941,2671.647413556803,-4.980065689000278,-6.762096011016703,2020.769863335555,-0.01857721149704353,-0.0011360150631110329,1.0,0.0,0.0,0.0,0.0,0.0,0.0,0.0,0.0,0.0
/mnt/ssd2tb/boat/thesis/s21fe_dataset/raw/well-lit/20240124_145035.dng,2,5.546423148163759,-0.4159424058530208,-751.9430362496919,1.6098025746139693,1.579284889207866,-344.1991979130312,0.0070775925524204685,-0.002963559367600945,1.0,0.0,0.0,0.0,0.0,0.0,0.0,0.0,0.0,0.0
/mnt/ssd2tb/boat/thesis/s21fe_dataset/raw/well-lit/20240115_125431.dng,2,0.2272127014337155,-0.4537191292061112,239.94338649229252,-0.11933551436923813,0.27139221689320026,90.53472749866184,-0.0005400571743376388,-0.0010066001552685706,1.0,0.0,0.0,0.0,0.0,0.0,0.0,0.0,0.0,0.0
/mnt/ssd2tb/boat/thesis/s21fe_dataset/raw/well-lit/20250201_112114.dng,2,0.5752580025809373,-0.7095979719061831,235.7693134914103,0.05225133758977807,0.34747418665197904,38.11939589757382,0.00030298160481774446,-0.0016014022741845544,1.0,0.0,0.0,0.0,0.0,0.0,0.0,0.0,0.0,0.0
/mnt/ssd2tb/boat/thesis/s21fe_dataset/raw/well-lit/20240124_145503.dng,2,0.6460901741060701,-0.7312607569124656,216.29015602200002,0.05609651912546354,-0.06234683092002865,148.00670670109008,0.0004725636372706378,-0.0019473519287611298,1.0,0.0,0.0,0.0,0.0,0.0,0.0,0.0,0.0,0.0
/mnt/ssd2tb/boat/thesis/s21fe_dataset/raw/well-lit/20240124_144913.dng,2,1.7422980176771183,0.44015915507045594,-253.320333233349,0.07005053885031047,1.7871079777537435,-53.30159462766099,0.00044231109470077215,0.000875968276679129,1.0,0.0,0.0,0.0,0.0,0.0,0.0,0.0,0.0,0.0
/mnt/ssd2tb/boat/thesis/s21fe_dataset/raw/well-lit/20240117_183033.dng,2,16.53564190394638,1.4966067223292976,-2619.750117747819,9.030175551273835,14.003041818311644,-3895.1838578463003,0.02081014058374371,0.008146899307785734,1.0,0.0,0.0,0.0,0.0,0.0,0.0,0.0,0.0,0.0
/mnt/ssd2tb/boat/thesis/s21fe_dataset/raw/well-lit/20241026_223426.dng,2,0.4592539951980929,0.28013491677840696,2.437847914750421,-0.3852123932887764,0.6174046074672861,176.69433787253482,-0.0008956382741734437,0.00020425980761912903,1.0,0.0,0.0,0.0,0.0,0.0,0.0,0.0,0.0,0.0
/mnt/ssd2tb/boat/thesis/s21fe_dataset/raw/well-lit/20240118_163735.dng,2,0.2424622092586443,-0.28699994303385684,172.64446944430594,-0.018413954397037496,0.2095571878858617,62.48935030295142,-0.0004629809226347426,-0.0011010977689194716,1.0,0.0,0.0,0.0,0.0,0.0,0.0,0.0,0.0,0.0
/mnt/ssd2tb/boat/thesis/s21fe_dataset/raw/well-lit/20240119_212120.dng,2,7.704948657024044,-0.7916852566629856,-861.0190707422822,3.6367181825727606,3.5515604356457544,-987.8506090601527,0.009777905746124568,-0.0005425684976515792,1.0,0.0,0.0,0.0,0.0,0.0,0.0,0.0,0.0,0.0
/mnt/ssd2tb/boat/thesis/s21fe_dataset/raw/well-lit/20240115_165744.dng,2,0.7207357965080223,-0.8176244802638308,251.26986200856564,0.08745157676316245,0.22728151356641124,76.42188454164331,0.000906333088751635,-0.002019771671124359,1.0,0.0,0.0,0.0,0.0,0.0,0.0,0.0,0.0,0.0
/mnt/ssd2tb/boat/thesis/s21fe_dataset/raw/well-lit/20240117_181728.dng,2,0.3199607802387854,0.27382826966783325,120.9038662904558,-0.35653414010940343,0.6315541674104783,191.56072535243297,-0.0006452254647799223,0.00023901762313682418,1.0,0.0,0.0,0.0,0.0,0.0,0.0,0.0,0.0,0.0
/mnt/ssd2tb/boat/thesis/s21fe_dataset/raw/well-lit/20240124_145834.dng,2,0.7829959480252535,-0.7787609455910895,201.13185812782575,0.07052348944559475,0.5063089284002211,-1.7986942085521207,0.00038955925349834817,-0.0015527682909006898,1.0,0.0,0.0,0.0,0.0,0.0,0.0,0.0,0.0,0.0
/mnt/ssd2tb/boat/thesis/s21fe_dataset/raw/well-lit/20240115_164228.dng,2,0.2919786809801433,0.8166891054050669,-19.95148992894653,-0.4560932800785113,1.3615423029786953,44.95935195017125,-0.0014834544910177676,0.0013647699154279251,1.0,0.0,0.0,0.0,0.0,0.0,0.0,0.0,0.0,0.0
/mnt/ssd2tb/boat/thesis/s21fe_dataset/raw/well-lit/20240124_150146.dng,2,-48.61706804281352,-1.4028574159021359,9625.918577981663,-11.938168960244672,-17.836487003058124,2933.183486238537,-0.05800840978593276,-0.0059250764525994,1.0,0.0,0.0,0.0,0.0,0.0,0.0,0.0,0.0,0.0
/mnt/ssd2tb/boat/thesis/s21fe_dataset/raw/well-lit/20240115_124412.dng,2,0.6734032422933856,-0.25033607717104245,44.50113201712497,-0.216593223604371,0.3119467994900138,154.83057292951304,-0.0002616830916522859,-0.0009370586206938751,1.0,0.0,0.0,0.0,0.0,0.0,0.0,0.0,0.0,0.0
/mnt/ssd2tb/boat/thesis/s21fe_dataset/raw/well-lit/20250201_110201.dng,2,-0.12967743411987614,0.02970559531050365,215.59257972021848,-0.3906396753679333,0.40120484124226397,182.28507037970334,-0.0012865190389301894,1.6679493067545903e-05,1.0,0.0,0.0,0.0,0.0,0.0,0.0,0.0,0.0,0.0
/mnt/ssd2tb/boat/thesis/s21fe_dataset/raw/well-lit/20250201_112309.dng,2,0.8506474513822371,-0.4263318790115533,83.70363827725187,-0.24895594584750674,0.4256495378162409,183.0040955926779,0.00023150402012045044,-0.0010403835741490226,1.0,0.0,0.0,0.0,0.0,0.0,0.0,0.0,0.0,0.0
/mnt/ssd2tb/boat/thesis/s21fe_dataset/raw/well-lit/20240119_213334.dng,2,1.4131346473750142,-0.8701124087604568,94.727419458969,0.5948073879014576,0.4895445131731659,-70.21802157468089,0.0012334308172947284,-0.0017547914351479675,1.0,0.0,0.0,0.0,0.0,0.0,0.0,0.0,0.0,0.0
/mnt/ssd2tb/boat/thesis/s21fe_dataset/raw/well-lit/20240115_164257.dng,2,0.4114694874574456,0.012238139723447922,39.77953061242285,-0.3166689801146294,0.5714210960014876,119.25741404989913,-0.0009619169743919644,-0.00013495113116587942,1.0,0.0,0.0,0.0,0.0,0.0,0.0,0.0,0.0,0.0
/mnt/ssd2tb/boat/thesis/s21fe_dataset/raw/well-lit/20240122_171339.dng,2,0.9766737707824472,0.28316298871307777,-48.83938891758463,0.07831561800668974,1.8930208807048448,-207.7094213678504,-0.0006581905444604548,0.0015259075411538196,1.0,0.0,0.0,0.0,0.0,0.0,0.0,0.0,0.0,0.0
/mnt/ssd2tb/boat/thesis/s21fe_dataset/raw/well-lit/20250201_105407.dng,2,0.4884559637680134,0.03319541028597661,81.51345802559166,-0.4315420884637715,0.8132186782199278,180.9801801422385,-0.0008925077603648386,0.0003584069010656748,1.0,0.0,0.0,0.0,0.0,0.0,0.0,0.0,0.0,0.0
/mnt/ssd2tb/boat/thesis/s21fe_dataset/raw/well-lit/20240118_160017.dng,2,0.8590668180400931,0.15456953668357706,9.233866081564797,-0.17216130683123404,0.8012336347076827,137.6451390890545,5.9559173877455284e-05,-0.00022696211938494888,1.0,0.0,0.0,0.0,0.0,0.0,0.0,0.0,0.0,0.0
/mnt/ssd2tb/boat/thesis/s21fe_dataset/raw/well-lit/20250201_112550.dng,2,0.4452687351853191,-0.5261234067210147,167.10814202406357,0.047806812496408564,0.21880160863341985,17.237641790310366,-2.665616823734193e-05,-0.0016467119314938707,1.0,0.0,0.0,0.0,0.0,0.0,0.0,0.0,0.0,0.0
/mnt/ssd2tb/boat/thesis/s21fe_dataset/raw/well-lit/20250201_112811.dng,2,1.5660383680991827,-0.5214126146395524,-50.58272597805026,-0.12001709371023116,0.9220919749318824,45.443796598810955,0.0007123210346381986,-0.000912279546986756,1.0,0.0,0.0,0.0,0.0,0.0,0.0,0.0,0.0,0.0
/mnt/ssd2tb/boat/thesis/s21fe_dataset/raw/well-lit/20240124_144929.dng,2,-0.0021317211333587442,0.07649617675907361,234.77781242048198,-0.3323596044519501,0.8696881678427728,67.11699439862744,-0.0011072227657543828,0.00042676232832456417,1.0,0.0,0.0,0.0,0.0,0.0,0.0,0.0,0.0,0.0
/mnt/ssd2tb/boat/thesis/s21fe_dataset/raw/well-lit/20250201_112341.dng,2,0.6237090956430827,0.5544800357334451,-18.60763465695208,-0.3790180485319449,1.1335436488964656,155.0697542876774,-0.0005911618083098152,0.001167172815647305,1.0,0.0,0.0,0.0,0.0,0.0,0.0,0.0,0.0,0.0
/mnt/ssd2tb/boat/thesis/s21fe_dataset/raw/well-lit/20240124_144919.dng,2,1.0851658828015989,-0.20193000296596653,47.717554340912606,-0.16027392907079946,0.7975827295453812,147.92309647896047,0.00039722893097752295,-0.0004554891741875112,1.0,0.0,0.0,0.0,0.0,0.0,0.0,0.0,0.0,0.0
/mnt/ssd2tb/boat/thesis/s21fe_dataset/raw/well-lit/20240117_183413.dng,2,0.4337154614932468,0.5674848128551958,-22.36625514403599,-0.27449539486576746,1.2721193415638006,-27.757201646092433,-0.0012737605330197927,0.0010533019792279283,1.0,0.0,0.0,0.0,0.0,0.0,0.0,0.0,0.0,0.0
/mnt/ssd2tb/boat/thesis/s21fe_dataset/raw/well-lit/20240115_165038.dng,2,1.8238634326485497,-0.3175486716144954,-120.02549209422892,0.5833781506579276,1.6780413036463635,-315.29461116489813,0.0013669283998422694,-0.00029579434226092413,1.0,0.0,0.0,0.0,0.0,0.0,0.0,0.0,0.0,0.0
/mnt/ssd2tb/boat/thesis/s21fe_dataset/raw/well-lit/20240117_181751.dng,2,3.072745865081158,-0.09614456727291383,-433.9131545400617,0.4134368441624612,2.474887909558902,-360.92479297023493,0.0021618311065266823,0.0005111883654622879,1.0,0.0,0.0,0.0,0.0,0.0,0.0,0.0,0.0,0.0
/mnt/ssd2tb/boat/thesis/s21fe_dataset/raw/well-lit/20240119_212313.dng,2,0.12475400085234713,-0.2532965168144849,214.8835464399767,-0.2118318216461316,0.2908345761526795,125.246148756174,-0.0008164884829226232,-0.0005554750519247953,1.0,0.0,0.0,0.0,0.0,0.0,0.0,0.0,0.0,0.0
/mnt/ssd2tb/boat/thesis/s21fe_dataset/raw/well-lit/20240117_183752.dng,2,0.8664249952160878,0.20186254097276865,68.1550790989629,-0.463480692464632,1.3699586726111268,147.1778420077048,-0.00014292269655261493,0.0008139810528059753,1.0,0.0,0.0,0.0,0.0,0.0,0.0,0.0,0.0,0.0
/mnt/ssd2tb/boat/thesis/s21fe_dataset/raw/well-lit/20240124_145842.dng,2,2.5099771773994446,-0.17825031567029498,-153.81606217616527,0.7594875709350973,1.2615711763980308,-135.80310880828856,0.0025868184061188944,-0.0003875578728900515,1.0,0.0,0.0,0.0,0.0,0.0,0.0,0.0,0.0,0.0
/mnt/ssd2tb/boat/thesis/s21fe_dataset/raw/well-lit/20250201_105029.dng,2,0.4958900800969288,-0.4881162428136614,190.06624009575881,0.00932703564041354,0.4858387369197405,13.645651380834966,-0.0003668820816122258,-0.0008311674156314732,1.0,0.0,0.0,0.0,0.0,0.0,0.0,0.0,0.0,0.0
/mnt/ssd2tb/boat/thesis/s21fe_dataset/raw/well-lit/20240124_145024.dng,2,5.746386990415468,1.08347879451041,-1259.0790266693289,1.483064990027576,2.7433829638185347,-502.3166711535275,0.005152835552159021,3.093763840526217e-05,1.0,0.0,0.0,0.0,0.0,0.0,0.0,0.0,0.0,0.0
/mnt/ssd2tb/boat/thesis/s21fe_dataset/raw/well-lit/20240117_183723.dng,2,0.7983918504245988,1.1488931706272825,-83.98928709055845,-0.05189752372797191,2.3381417255405754,-224.80637122671718,-0.0011642760294012858,0.003284093341896832,1.0,0.0,0.0,0.0,0.0,0.0,0.0,0.0,0.0,0.0
/mnt/ssd2tb/boat/thesis/s21fe_dataset/raw/well-lit/20250201_105901.dng,2,3.254716260876851,-0.3254727242302488,-510.65942520080665,0.9190577413821962,1.2997696515227686,-255.2581701807243,0.003208406542838027,-0.0017865733768406829,1.0,0.0,0.0,0.0,0.0,0.0,0.0,0.0,0.0,0.0
/mnt/ssd2tb/boat/thesis/s21fe_dataset/raw/well-lit/20240122_170723.dng,2,0.6967790601108288,2.3794386891881483,-259.710497085986,-0.7498587614373797,3.327247536991241,-32.671457714722706,-0.002213536480851316,0.006173932155337382,1.0,0.0,0.0,0.0,0.0,0.0,0.0,0.0,0.0,0.0
/mnt/ssd2tb/boat/thesis/s21fe_dataset/raw/well-lit/20250201_105304.dng,2,2.4298180496093567,0.953976453638981,-517.7983299629532,0.10407225758922076,1.7798573101770976,27.34391168617907,0.0011731674545996653,0.0008713986197336725,1.0,0.0,0.0,0.0,0.0,0.0,0.0,0.0,0.0,0.0
/mnt/ssd2tb/boat/thesis/s21fe_dataset/raw/well-lit/20240119_212029.dng,2,7.557020346902061,-2.09731411210769,-721.6419623080133,3.531301669148037,2.179258808719791,-941.232383165706,0.010735078736821856,-0.004173777793916525,1.0,0.0,0.0,0.0,0.0,0.0,0.0,0.0,0.0,0.0
/mnt/ssd2tb/boat/thesis/s21fe_dataset/raw/well-lit/20240117_181655.dng,2,2.22377723112382,-0.5252816903637944,-48.60182168738832,0.33664926977373416,2.0142942623495803,-214.9857722225921,0.0013324690290982485,0.0004345265797296987,1.0,0.0,0.0,0.0,0.0,0.0,0.0,0.0,0.0,0.0
/mnt/ssd2tb/boat/thesis/s21fe_dataset/raw/well-lit/20240124_145708.dng,2,86.47922885572346,-23.393532338308987,-9936.844776119651,36.08097014925461,22.502686567164712,-10441.731940298758,0.11923790140208332,-0.03547263681592122,1.0,0.0,0.0,0.0,0.0,0.0,0.0,0.0,0.0,0.0
/mnt/ssd2tb/boat/thesis/s21fe_dataset/raw/well-lit/20250201_112208.dng,2,1.4107895537190756,-0.63401571725379,70.54834862423648,0.1954868120321296,0.7581380880537191,-5.272269445863189,0.0009525209275406538,-0.000946375064794948,1.0,0.0,0.0,0.0,0.0,0.0,0.0,0.0,0.0,0.0
/mnt/ssd2tb/boat/thesis/s21fe_dataset/raw/well-lit/20240124_145221.dng,2,0.2864774067939458,-0.2805581611600248,151.40951547380268,-0.3021756022433387,0.5740181907999908,107.29013547205973,-0.0007420742161392495,-0.0005702496149710843,1.0,0.0,0.0,0.0,0.0,0.0,0.0,0.0,0.0,0.0
/mnt/ssd2tb/boat/thesis/s21fe_dataset/raw/well-lit/20240124_144738.dng,2,-0.1595966794616419,0.11852518374961618,252.99825336765085,-0.4189630381604518,0.7424937819660691,135.1511332601877,-0.0012985807045548293,0.0003809720755302221,1.0,0.0,0.0,0.0,0.0,0.0,0.0,0.0,0.0,0.0
/mnt/ssd2tb/boat/thesis/s21fe_dataset/raw/well-lit/20250201_104020.dng,2,1.615242970090281,-0.3571408592526245,-7.2714253748095015,-0.0245541818950262,1.3033047102260271,-6.870776460061362,0.0015706192038985015,-0.0006747874244797325,1.0,0.0,0.0,0.0,0.0,0.0,0.0,0.0,0.0,0.0
/mnt/ssd2tb/boat/thesis/s21fe_dataset/raw/well-lit/20250201_110120.dng,2,0.3501610746441965,0.6906002594937608,-13.969061285070387,-0.4380121374318831,1.2880317057370634,63.9453113231853,-0.0013268096408211028,0.0010590064876517358,1.0,0.0,0.0,0.0,0.0,0.0,0.0,0.0,0.0,0.0
/mnt/ssd2tb/boat/thesis/s21fe_dataset/raw/well-lit/20240117_181636.dng,2,0.09940703325232868,-0.5410674437290113,274.7134260073401,-0.18523198399733806,0.2265531771439964,105.20462579038059,-0.0005925135711650734,-0.0011740802812189675,1.0,0.0,0.0,0.0,0.0,0.0,0.0,0.0,0.0,0.0
/mnt/ssd2tb/boat/thesis/s21fe_dataset/raw/well-lit/20240119_211835.dng,2,6.636949390815445,1.1614436894720608,-857.0358481724595,0.3700796626054477,6.16675452983449,-811.5250702905445,0.0056818181818182574,0.00449078412995945,1.0,0.0,0.0,0.0,0.0,0.0,0.0,0.0,0.0,0.0
/mnt/ssd2tb/boat/thesis/s21fe_dataset/raw/well-lit/20240115_165332.dng,2,0.17505938580514274,-0.3297156536451508,203.99264690462311,-0.2053416803561472,0.4629642934351412,75.54916290286796,-0.0009431825095696961,-0.00040139626222181,1.0,0.0,0.0,0.0,0.0,0.0,0.0,0.0,0.0,0.0
/mnt/ssd2tb/boat/thesis/s21fe_dataset/raw/well-lit/20240119_212110.dng,2,1.028366054716035,0.2970526751380876,-11.596172060052155,-0.02258241138926452,1.5225173782608905,-77.0090548031682,-0.00011160650221699248,0.0004952171623796174,1.0,0.0,0.0,0.0,0.0,0.0,0.0,0.0,0.0,0.0
/mnt/ssd2tb/boat/thesis/s21fe_dataset/raw/well-lit/20240124_150255.dng,2,-2.89821955150416,-1.4084244484849373,898.6546429998233,-0.6368815924292205,-2.5446579750557605,532.9346726784975,-0.0035432311158582353,-0.003547511693450826,1.0,0.0,0.0,0.0,0.0,0.0,0.0,0.0,0.0,0.0
/mnt/ssd2tb/boat/thesis/s21fe_dataset/raw/well-lit/20240124_145346.dng,2,0.4665507830062666,0.6771633199719211,-74.59784570376226,-0.1030772494411673,1.2403636087312069,-81.33700868178047,-0.0010312379287853982,0.0008354072075838089,1.0,0.0,0.0,0.0,0.0,0.0,0.0,0.0,0.0,0.0
/mnt/ssd2tb/boat/thesis/s21fe_dataset/raw/well-lit/20240119_211807.dng,2,1.2808690426804443,1.4214694727870136,-321.234528972122,0.3219337528610119,3.062685460781516,-467.6230711512024,-0.0011386451341362845,0.0038482521820805047,1.0,0.0,0.0,0.0,0.0,0.0,0.0,0.0,0.0,0.0
/mnt/ssd2tb/boat/thesis/s21fe_dataset/raw/well-lit/20240118_164200.dng,2,2.0085928154217294,-0.3600628743971881,-24.24982599337385,0.5964794638219123,1.757840908705135,-264.80755036007594,0.0024024233041002787,-0.0009171422848004443,1.0,0.0,0.0,0.0,0.0,0.0,0.0,0.0,0.0,0.0
/mnt/ssd2tb/boat/thesis/s21fe_dataset/raw/well-lit/20240115_165008.dng,2,0.9022011007283232,0.0793796373803485,1.5327399764235707,0.22108239233305088,0.9538354658876768,-49.238259562326746,9.00427649748692e-05,-9.288996702939489e-05,1.0,0.0,0.0,0.0,0.0,0.0,0.0,0.0,0.0,0.0
/mnt/ssd2tb/boat/thesis/s21fe_dataset/raw/well-lit/20240124_144519.dng,2,0.015819523274791414,0.15055119959669028,126.35708393518905,-0.4694625899272196,0.5658973399185512,188.1408889989256,-0.0013439456539042882,0.00026367501860841244,1.0,0.0,0.0,0.0,0.0,0.0,0.0,0.0,0.0,0.0
/mnt/ssd2tb/boat/thesis/s21fe_dataset/raw/well-lit/20240115_164225.dng,2,-4.654899507817269,-2.155351752005682,1351.048948091739,-0.5487278429714256,-3.396916223232348,452.5309581703457,-0.0053454382069985425,-0.004418924950957839,1.0,0.0,0.0,0.0,0.0,0.0,0.0,0.0,0.0,0.0
/mnt/ssd2tb/boat/thesis/s21fe_dataset/raw/well-lit/20250201_112319.dng,2,0.1711719058074358,-0.6287966934262829,255.90289617300098,-0.1933356133372947,0.018906182299707308,150.63556611443497,-0.0003243528764562475,-0.0016897182369483895,1.0,0.0,0.0,0.0,0.0,0.0,0.0,0.0,0.0,0.0
/mnt/ssd2tb/boat/thesis/s21fe_dataset/raw/well-lit/20250201_104105.dng,2,6.104070179224558,1.1793698090448057,-1159.235321458809,2.0007829661968772,2.449490380305794,-484.1964442821337,0.00569033825246369,0.0007788161993770035,1.0,0.0,0.0,0.0,0.0,0.0,0.0,0.0,0.0,0.0
/mnt/ssd2tb/boat/thesis/s21fe_dataset/raw/well-lit/20240116_135204.dng,2,1.5012697429943076,0.8174149822394703,-284.74798844965636,0.10073230195350397,2.066413060605187,-197.06122511895717,-0.0007752047516775531,0.0029426095862492875,1.0,0.0,0.0,0.0,0.0,0.0,0.0,0.0,0.0,0.0
/mnt/ssd2tb/boat/thesis/s21fe_dataset/raw/well-lit/20250201_103756.dng,2,-37.3155094912056,-41.16804790135945,11214.197394789873,-5.597152638610699,-71.21381652193479,8505.276887107784,-0.02425336784680528,-0.1038709363170816,1.0,0.0,0.0,0.0,0.0,0.0,0.0,0.0,0.0,0.0
/mnt/ssd2tb/boat/thesis/s21fe_dataset/raw/well-lit/20241026_223304.dng,2,0.8202011413684485,0.7229557302598608,-138.03102382586314,-0.4685212187550684,1.5264355944742043,81.41732075166463,-0.0007263577642991776,0.0012308150466744064,1.0,0.0,0.0,0.0,0.0,0.0,0.0,0.0,0.0,0.0
/mnt/ssd2tb/boat/thesis/s21fe_dataset/raw/well-lit/20241026_223244.dng,2,0.9555133614924984,0.14142023876032345,-89.68322639625053,-0.20824163266687987,1.3909605009960202,-52.26674736325499,-0.0005718947332780268,0.0006050480511492325,1.0,0.0,0.0,0.0,0.0,0.0,0.0,0.0,0.0,0.0
/mnt/ssd2tb/boat/thesis/s21fe_dataset/raw/well-lit/20240119_204511.dng,2,0.9665697586999265,-0.03275587011174097,-41.53937064703912,-0.3436263276917729,0.7511179375218145,137.81595756197834,0.00023418798792297535,-0.0007145928812865974,1.0,0.0,0.0,0.0,0.0,0.0,0.0,0.0,0.0,0.0
/mnt/ssd2tb/boat/thesis/s21fe_dataset/raw/well-lit/20240117_183449.dng,2,1.7738932830711542,-0.016665605163152075,-217.23799041462595,0.3079471450863033,1.5450435747192388,-229.79720240749168,0.0002799715517058485,8.923263911003596e-05,1.0,0.0,0.0,0.0,0.0,0.0,0.0,0.0,0.0,0.0
/mnt/ssd2tb/boat/thesis/s21fe_dataset/raw/well-lit/20240115_164333.dng,2,2.173164705774367,0.6653145349424954,-190.0845962031388,0.2674838582279555,2.6527949030576012,-283.7163295952523,0.0009025213769414301,0.002111145170326789,1.0,0.0,0.0,0.0,0.0,0.0,0.0,0.0,0.0,0.0
/mnt/ssd2tb/boat/thesis/s21fe_dataset/raw/well-lit/20250201_105314.dng,2,3.4140000806860447,1.9232476219543315,-513.4935880907414,0.6180037747035195,6.204025181061245,-988.9589606234584,0.0026315050928678732,0.00455459550859396,1.0,0.0,0.0,0.0,0.0,0.0,0.0,0.0,0.0,0.0
/mnt/ssd2tb/boat/thesis/s21fe_dataset/raw/well-lit/20250201_111335.dng,2,0.03571555892609951,0.2985965270485951,118.23521176058428,-0.5034126706335351,1.0114144596119026,134.78357251195567,-0.0014800797910266019,0.0008586366818341495,1.0,0.0,0.0,0.0,0.0,0.0,0.0,0.0,0.0,0.0
/mnt/ssd2tb/boat/thesis/s21fe_dataset/raw/well-lit/20240118_160030.dng,2,1.4465447950396009,-0.1913712550845358,-94.16264649979507,0.4228935527708835,1.4129578666699834,-237.7037918139687,0.0007746766634265981,-0.00040849167383814867,1.0,0.0,0.0,0.0,0.0,0.0,0.0,0.0,0.0,0.0
/mnt/ssd2tb/boat/thesis/s21fe_dataset/raw/well-lit/20250201_112135.dng,2,8.349730664093968,5.125171249397061,-2257.97956584662,1.256456825856255,10.638488502974845,-1235.504582730353,0.003046309696092645,0.01442193278662179,1.0,0.0,0.0,0.0,0.0,0.0,0.0,0.0,0.0,0.0
/mnt/ssd2tb/boat/thesis/s21fe_dataset/raw/well-lit/20250201_105132.dng,2,2.6756143471980067,0.09276367551088673,-381.9931297549211,0.2121514533120903,1.5858811370326291,5.4835936018142775,0.0012133862065897944,0.0010945501675412963,1.0,0.0,0.0,0.0,0.0,0.0,0.0,0.0,0.0,0.0
/mnt/ssd2tb/boat/thesis/s21fe_dataset/raw/well-lit/20250201_103830.dng,2,0.35048718568666426,0.20026139050075736,143.23472275950854,-0.0408615409413325,0.8865891629056626,9.128862024501457,-0.00047442510208466407,0.0003419836664517689,1.0,0.0,0.0,0.0,0.0,0.0,0.0,0.0,0.0,0.0
/mnt/ssd2tb/boat/thesis/s21fe_dataset/raw/well-lit/20240117_183627.dng,2,0.9663022580647171,0.7113001906549917,-166.67141783954162,-0.574581667382522,1.4438092963786873,152.5607909666336,-0.0010166376731801034,0.0016826725084811188,1.0,0.0,0.0,0.0,0.0,0.0,0.0,0.0,0.0,0.0
/mnt/ssd2tb/boat/thesis/s21fe_dataset/raw/well-lit/20250201_110108.dng,2,1.376012316984483,0.469770815545653,-65.83176169244122,-0.5242110172975377,1.82121319925372,98.23777630205768,0.00032768870758625817,0.0009261455269898637,1.0,0.0,0.0,0.0,0.0,0.0,0.0,0.0,0.0,0.0
/mnt/ssd2tb/boat/thesis/s21fe_dataset/raw/well-lit/20240117_183357.dng,2,0.495261339381849,-0.1674591178366319,87.95642972534753,-0.2563429994446308,0.5388594127288271,110.39183776048245,-0.0003816858876944777,-0.0007413738914045698,1.0,0.0,0.0,0.0,0.0,0.0,0.0,0.0,0.0,0.0
/mnt/ssd2tb/boat/thesis/s21fe_dataset/raw/well-lit/20240115_172307.dng,2,2.8363897607888555,2.2951942784251416,-698.9254848002737,-0.11776263299461324,4.6231899117589474,-352.2073067606867,0.0008635392928293789,0.00521288692054485,1.0,0.0,0.0,0.0,0.0,0.0,0.0,0.0,0.0,0.0
/mnt/ssd2tb/boat/thesis/s21fe_dataset/raw/well-lit/20250201_105737.dng,2,0.4321745476698055,-0.1854950539558112,82.016425275648,-0.10483131584901008,0.3234096493055375,124.42272911829195,-0.0006232348411913186,-0.0006286341034360657,1.0,0.0,0.0,0.0,0.0,0.0,0.0,0.0,0.0,0.0
/mnt/ssd2tb/boat/thesis/s21fe_dataset/raw/well-lit/20240119_172321.dng,2,-5.470434255561885,-4.116942622171487,1767.6394067313126,-1.259732601254998,-6.470763453127936,1098.9047290359365,-0.004944381061038228,-0.00947993915192996,1.0,0.0,0.0,0.0,0.0,0.0,0.0,0.0,0.0,0.0
/mnt/ssd2tb/boat/thesis/s21fe_dataset/raw/well-lit/20250201_112415.dng,2,1.389160956637765,-0.05981022001848262,0.5093515511123741,0.3855296157905708,1.4375570578673669,-208.72786324439576,0.0013838123648853213,-0.000845474568735762,1.0,0.0,0.0,0.0,0.0,0.0,0.0,0.0,0.0,0.0
/mnt/ssd2tb/boat/thesis/s21fe_dataset/raw/well-lit/20240124_145755.dng,2,2.1330767789274243,0.528975645328996,-327.00927849328417,0.3767606001455149,1.6778082499675842,-144.33448737478673,0.0007417464054356419,0.0013294832312281545,1.0,0.0,0.0,0.0,0.0,0.0,0.0,0.0,0.0,0.0
/mnt/ssd2tb/boat/thesis/s21fe_dataset/raw/well-lit/20240118_164032.dng,2,-0.007267093311428884,0.2415484765449547,162.27513053723254,-0.3687567500022353,0.6036728193959788,142.9436293367377,-0.0012171574271594714,0.0003575455727423476,1.0,0.0,0.0,0.0,0.0,0.0,0.0,0.0,0.0,0.0
/mnt/ssd2tb/boat/thesis/s21fe_dataset/raw/well-lit/20250201_112351.dng,2,1.1451763993626878,-0.29168584162202177,122.79515011688808,0.005837112077870892,1.5621708299329908,-133.70368711381877,0.00045585260544181054,7.465449287102574e-05,1.0,0.0,0.0,0.0,0.0,0.0,0.0,0.0,0.0,0.0
/mnt/ssd2tb/boat/thesis/s21fe_dataset/raw/well-lit/20240124_145318.dng,2,0.3434390233753577,-0.3875899021518747,214.1837124667503,0.08691061477547618,0.4826645285398484,-24.619323801386514,-0.00042610499227011136,-0.0008234028864711903,1.0,0.0,0.0,0.0,0.0,0.0,0.0,0.0,0.0,0.0
/mnt/ssd2tb/boat/thesis/s21fe_dataset/raw/well-lit/20240124_144850.dng,2,0.5309729630101614,-0.43254575945679935,160.25359522335776,-0.0989843114768029,0.5070444381743016,35.59305712309223,-6.390244050436135e-05,-0.0012717913010764355,1.0,0.0,0.0,0.0,0.0,0.0,0.0,0.0,0.0,0.0
/mnt/ssd2tb/boat/thesis/s21fe_dataset/raw/well-lit/20240124_150107.dng,2,0.039739447258144885,-0.17546792132139075,158.65583945764516,-0.3761913121932991,0.3262573948249711,176.68946883567685,-0.0011786127955927864,-0.0003888475491077538,1.0,0.0,0.0,0.0,0.0,0.0,0.0,0.0,0.0,0.0
/mnt/ssd2tb/boat/thesis/s21fe_dataset/raw/well-lit/20250201_111456.dng,2,0.4554476181270302,-0.5169625548413289,161.78302965862832,-0.06264666870728752,-0.018946106466032703,154.6196091698495,-0.00011948297434744167,-0.0014935371793425634,1.0,0.0,0.0,0.0,0.0,0.0,0.0,0.0,0.0,0.0
/mnt/ssd2tb/boat/thesis/s21fe_dataset/raw/well-lit/20240116_135711.dng,2,0.8330127556943691,1.0257540690140896,-84.30595690178308,-0.0883071553228704,2.427608251129152,-176.07604880569843,-0.0009943149900006898,0.0026599330382221786,1.0,0.0,0.0,0.0,0.0,0.0,0.0,0.0,0.0,0.0
/mnt/ssd2tb/boat/thesis/s21fe_dataset/raw/well-lit/20250201_105555.dng,2,40.44843718892972,15.04242152763906,-8440.214612780948,16.01473223173354,45.511480522926504,-8641.701771849226,0.04768066892295299,0.04244641316610129,1.0,0.0,0.0,0.0,0.0,0.0,0.0,0.0,0.0,0.0
/mnt/ssd2tb/boat/thesis/s21fe_dataset/raw/well-lit/20240117_183513.dng,2,0.3204061981484509,-0.607907437441421,252.6414359711093,-0.07372324763973492,0.009028506544406623,153.07706812276578,-0.0004382420558981953,-0.00115988469431084,1.0,0.0,0.0,0.0,0.0,0.0,0.0,0.0,0.0,0.0
/mnt/ssd2tb/boat/thesis/s21fe_dataset/raw/well-lit/20240115_164923.dng,2,0.19674856603919025,0.006691015128796274,103.3033837625544,-0.2862075104900588,0.426884840435804,155.32469107286968,-0.0010235703012005401,-0.0001886971441769205,1.0,0.0,0.0,0.0,0.0,0.0,0.0,0.0,0.0,0.0
/mnt/ssd2tb/boat/thesis/s21fe_dataset/raw/well-lit/20240124_145242.dng,2,0.9055722111825916,-0.5208619421614935,112.81788052722167,0.15500022694733984,0.13405567979962715,108.00222485327144,0.0005017844215650753,-0.0013698580078946553,1.0,0.0,0.0,0.0,0.0,0.0,0.0,0.0,0.0,0.0
/mnt/ssd2tb/boat/thesis/s21fe_dataset/raw/well-lit/20240122_171412.dng,2,1.7327809036278918,1.3283939887765932,-380.0303848326934,-0.4719968296817208,2.167862947384579,95.3145311486395,8.882733100353011e-05,0.002078123583122348,1.0,0.0,0.0,0.0,0.0,0.0,0.0,0.0,0.0,0.0
/mnt/ssd2tb/boat/thesis/s21fe_dataset/raw/well-lit/20250201_112614.dng,2,1.8277376810989,0.3252820406344315,-159.1365234242493,0.3281215993634509,2.116405476015186,-302.5334792396956,0.0017695280329978614,-0.0003367990444700337,1.0,0.0,0.0,0.0,0.0,0.0,0.0,0.0,0.0,0.0
/mnt/ssd2tb/boat/thesis/s21fe_dataset/raw/well-lit/20240118_164128.dng,2,0.22044205270885545,-0.4705166905087413,204.14752525475268,-0.16189418001088787,0.04426842089785549,149.0513697119415,-0.0005260750468964473,-0.001256698365084248,1.0,0.0,0.0,0.0,0.0,0.0,0.0,0.0,0.0,0.0
/mnt/ssd2tb/boat/thesis/s21fe_dataset/raw/well-lit/20240124_145154.dng,2,1.1204128384463654,-0.2997738714595381,77.22071754223491,-0.07473895589670851,0.8617468627788003,112.10875740813064,0.0003490032916905845,-0.00044238566524200216,1.0,0.0,0.0,0.0,0.0,0.0,0.0,0.0,0.0,0.0
/mnt/ssd2tb/boat/thesis/s21fe_dataset/raw/well-lit/20240117_183529.dng,2,1.524866273378906,-0.20808899191472435,-119.9804618852492,0.6708769175705481,0.9586247137416236,-228.79262453729504,0.0002992202398946675,-0.0002810840960966716,1.0,0.0,0.0,0.0,0.0,0.0,0.0,0.0,0.0,0.0
/mnt/ssd2tb/boat/thesis/s21fe_dataset/raw/well-lit/20240117_183144.dng,2,0.9514603479789804,-0.5544377720013154,169.08926105591087,-0.11982270766968685,0.8100417985168149,96.55330048762531,0.00014124919097945315,-0.00030929005064591144,1.0,0.0,0.0,0.0,0.0,0.0,0.0,0.0,0.0,0.0
/mnt/ssd2tb/boat/thesis/s21fe_dataset/raw/well-lit/20240115_164506.dng,2,0.18658853615199056,0.6885019673804195,99.5415872554903,-0.5545295127229389,1.4456751916456532,140.96559151495447,-0.001370410033942629,0.0019464561942735528,1.0,0.0,0.0,0.0,0.0,0.0,0.0,0.0,0.0,0.0
/mnt/ssd2tb/boat/thesis/s21fe_dataset/raw/well-lit/20240119_204451.dng,2,3.004746327688152,-0.8601780466215729,-231.70511596563287,0.6654345401888471,0.460593346115904,108.05896557533542,0.0039280299079816105,-0.002614006797754744,1.0,0.0,0.0,0.0,0.0,0.0,0.0,0.0,0.0,0.0
/mnt/ssd2tb/boat/thesis/s21fe_dataset/raw/well-lit/20240124_145914.dng,2,0.6355061830819718,-0.5771533470368218,190.1507590579248,0.1397478939135028,0.3731329249114708,-4.901260556231065,-0.00015388052370456106,-0.0009747486317144961,1.0,0.0,0.0,0.0,0.0,0.0,0.0,0.0,0.0,0.0
/mnt/ssd2tb/boat/thesis/s21fe_dataset/raw/well-lit/20250201_112504.dng,2,-46.737557636241796,2.296598659114674,7350.374407583237,-12.731514661118698,-29.2230522482962,6663.897468501028,-0.06423791726069186,-0.00462855931876865,1.0,0.0,0.0,0.0,0.0,0.0,0.0,0.0,0.0,0.0
/mnt/ssd2tb/boat/thesis/s21fe_dataset/raw/well-lit/20240124_145308.dng,2,0.3624283981207638,-0.2676374765618722,198.6016022798116,-0.034766324656225416,0.4857440968387622,59.52090689037218,-0.0005821139793191485,-0.0004713373123281701,1.0,0.0,0.0,0.0,0.0,0.0,0.0,0.0,0.0,0.0
/mnt/ssd2tb/boat/thesis/s21fe_dataset/raw/well-lit/20240119_211831.dng,2,0.6443591014205492,-0.3753567888998925,104.61415262636145,0.0856103402708914,0.4882598282127602,-19.17883052527319,-1.8995705318804288e-05,-0.0012561942517343744,1.0,0.0,0.0,0.0,0.0,0.0,0.0,0.0,0.0,0.0
/mnt/ssd2tb/boat/thesis/s21fe_dataset/raw/well-lit/20250201_105928.dng,2,0.573197590663729,-0.04166331669803956,22.175330947765474,0.011107816166136042,0.3717056214609542,61.254838811162976,-0.00029688489818625435,-0.0008329284240853613,1.0,0.0,0.0,0.0,0.0,0.0,0.0,0.0,0.0,0.0
/mnt/ssd2tb/boat/thesis/s21fe_dataset/raw/well-lit/20240119_172247.dng,2,0.16535174001939162,0.7226387352087885,44.553016420309675,-0.13143923186411546,1.596053577569374,-141.7330261255573,-0.0017401025495168926,0.0019807063699875107,1.0,0.0,0.0,0.0,0.0,0.0,0.0,0.0,0.0,0.0
/mnt/ssd2tb/boat/thesis/s21fe_dataset/raw/well-lit/20240115_170510.dng,2,4.773694254632495,-0.2574653281622355,-423.5314618895688,2.7592597478358756,3.4050954629801016,-942.3372292430768,0.006161927962313235,0.0007640116437573365,1.0,0.0,0.0,0.0,0.0,0.0,0.0,0.0,0.0,0.0
/mnt/ssd2tb/boat/thesis/s21fe_dataset/raw/well-lit/20240119_211734.dng,2,1.361760501856201,-0.1569095342159757,-40.86526633574017,0.10136769451057744,1.111613591020285,-47.44470895696554,0.0006407596682662803,-0.00036931099913133667,1.0,0.0,0.0,0.0,0.0,0.0,0.0,0.0,0.0,0.0
/mnt/ssd2tb/boat/thesis/s21fe_dataset/raw/well-lit/20250201_111417.dng,2,0.9729336540207474,0.4754702950260142,-92.17047654459186,-0.21925514725689332,1.2831055890252945,-24.549318036198468,-0.0006506816893987853,0.0009400069424340652,1.0,0.0,0.0,0.0,0.0,0.0,0.0,0.0,0.0,0.0
/mnt/ssd2tb/boat/thesis/s21fe_dataset/raw/well-lit/20240124_145315.dng,2,0.2027536164749031,-0.6655136350516822,280.17096106357945,-0.14203253075443978,0.08372826818987478,142.44483799356436,-0.0002740788515650716,-0.0015193114236540337,1.0,0.0,0.0,0.0,0.0,0.0,0.0,0.0,0.0,0.0
/mnt/ssd2tb/boat/thesis/s21fe_dataset/raw/well-lit/20250201_112730.dng,2,0.3196803504180166,-0.22438171329183915,213.3027581559227,-0.08225035520342794,0.672604664670002,30.568307496667252,-0.000701326198584553,-0.00023049872359509716,1.0,0.0,0.0,0.0,0.0,0.0,0.0,0.0,0.0,0.0
/mnt/ssd2tb/boat/thesis/s21fe_dataset/raw/well-lit/20250201_111640.dng,2,1.7509466282690975,0.1560190953443719,-236.26346463664945,-0.3181378388122902,1.5482769007489472,62.06454262907712,0.0003622593114905399,0.0004282456532685946,1.0,0.0,0.0,0.0,0.0,0.0,0.0,0.0,0.0,0.0
/mnt/ssd2tb/boat/thesis/s21fe_dataset/raw/well-lit/20240124_144948.dng,2,-3.866252634373808,-2.044325724763928,1030.276163687956,-1.5355368729360666,-4.4801826637460165,1014.214964902672,-0.004477605748328119,-0.006770962977713561,1.0,0.0,0.0,0.0,0.0,0.0,0.0,0.0,0.0,0.0
/mnt/ssd2tb/boat/thesis/s21fe_dataset/raw/well-lit/20240118_164011.dng,2,1.3676530784233427,1.184139558402163,-317.3780549469086,0.21574245744141785,1.8059852880980438,-94.9983145120467,0.00024078399268015225,0.0011908774971306673,1.0,0.0,0.0,0.0,0.0,0.0,0.0,0.0,0.0,0.0
/mnt/ssd2tb/boat/thesis/s21fe_dataset/raw/well-lit/20240124_150229.dng,2,0.09967070579483406,0.18134775573266765,166.15207210485755,-0.3171379614712846,0.8891777033524606,61.73203132108103,-0.0013457999489756847,0.0007860488620327692,1.0,0.0,0.0,0.0,0.0,0.0,0.0,0.0,0.0,0.0
/mnt/ssd2tb/boat/thesis/s21fe_dataset/raw/well-lit/20240118_164241.dng,2,-12.076339260429073,-5.627943974119357,3324.7984887405205,-3.1072620249411225,-12.483796273159498,2345.376835350683,-0.009125112028439415,-0.017222394360096895,1.0,0.0,0.0,0.0,0.0,0.0,0.0,0.0,0.0,0.0
/mnt/ssd2tb/boat/thesis/s21fe_dataset/raw/well-lit/20240115_165713.dng,2,0.3382338916552148,0.8471456799929453,-73.11208945927534,-0.38354225868197306,1.3458693917492168,17.966123824720487,-0.0014057867921769918,0.0011705931640123887,1.0,0.0,0.0,0.0,0.0,0.0,0.0,0.0,0.0,0.0
/mnt/ssd2tb/boat/thesis/s21fe_dataset/raw/well-lit/20240124_144955.dng,2,0.72941684095291,0.3353278928691157,19.107761487284574,-0.02973036300864712,1.0336139148461212,-64.3378121773959,-0.00038252335554331024,0.00034619515184153765,1.0,0.0,0.0,0.0,0.0,0.0,0.0,0.0,0.0,0.0
/mnt/ssd2tb/boat/thesis/s21fe_dataset/raw/well-lit/20240115_164311.dng,2,0.4518524850953819,0.12950372429791548,58.560271182403014,0.059763087078691726,0.6636171035221384,4.9941005932063405,-0.0008034621350659088,0.00014000188321125031,1.0,0.0,0.0,0.0,0.0,0.0,0.0,0.0,0.0,0.0
/mnt/ssd2tb/boat/thesis/s21fe_dataset/raw/well-lit/20240118_164135.dng,2,1.5827880797964289,-0.6887203903243669,-16.442873602753654,0.2381044707084489,0.36108241164451854,34.748559105134895,0.0014714107538862985,-0.0021471742069247408,1.0,0.0,0.0,0.0,0.0,0.0,0.0,0.0,0.0,0.0
/mnt/ssd2tb/boat/thesis/s21fe_dataset/raw/well-lit/20240118_164024.dng,2,2.4390957472016117,0.7229927872084401,-225.53044442548983,0.7750886197124314,2.93442378230829,-422.05630526884386,0.0025853734823281863,0.001142578217559038,1.0,0.0,0.0,0.0,0.0,0.0,0.0,0.0,0.0,0.0
/mnt/ssd2tb/boat/thesis/s21fe_dataset/raw/well-lit/20240117_183013.dng,2,2.1979494319800907,1.2835208274000456,-383.10985728302256,0.016138729787042973,3.0393107285635628,-260.7216670358709,0.0004704492473867469,0.002943735957723017,1.0,0.0,0.0,0.0,0.0,0.0,0.0,0.0,0.0,0.0
/mnt/ssd2tb/boat/thesis/s21fe_dataset/raw/well-lit/20240122_171444.dng,2,1.5983345717173707,0.10254857567180001,-211.7877367797287,0.477953849088798,1.0689090746262904,-205.27713915098832,0.00023869793831215517,-3.177586135321739e-05,1.0,0.0,0.0,0.0,0.0,0.0,0.0,0.0,0.0,0.0
/mnt/ssd2tb/boat/thesis/s21fe_dataset/raw/well-lit/20240117_183429.dng,2,0.08366822081228076,-0.17398417346053213,149.56650017344143,-0.3872336279289403,0.23228745342832435,194.33729744416058,-0.0011674604001875124,-0.00038312523104280224,1.0,0.0,0.0,0.0,0.0,0.0,0.0,0.0,0.0,0.0
/mnt/ssd2tb/boat/thesis/s21fe_dataset/raw/well-lit/20240124_145534.dng,2,0.6727673185599011,0.6188858551865895,-89.21537240459757,-0.2381804664846553,1.0895890215251924,78.79757444917169,-0.0010884288949563183,0.0013709865176625418,1.0,0.0,0.0,0.0,0.0,0.0,0.0,0.0,0.0,0.0
/mnt/ssd2tb/boat/thesis/s21fe_dataset/raw/well-lit/20250201_110802.dng,2,0.4725214530287944,0.6811706519748304,-70.65917513280964,-0.3004040496554878,1.1957298256985691,9.975299074241011,-0.000918828408647914,0.0006094210148093269,1.0,0.0,0.0,0.0,0.0,0.0,0.0,0.0,0.0,0.0
/mnt/ssd2tb/boat/thesis/s21fe_dataset/raw/well-lit/20240119_211705.dng,2,1.7770093974441308,-0.8017093301510623,25.93681370514122,0.6292647106608165,1.2443167107949906,-260.6690439354512,0.0017240570586434993,-0.001487299745502258,1.0,0.0,0.0,0.0,0.0,0.0,0.0,0.0,0.0,0.0
/mnt/ssd2tb/boat/thesis/s21fe_dataset/raw/well-lit/20240115_165121.dng,2,0.5912192510677179,-0.5532095614337957,200.84011312023688,-0.3227452953689186,0.4381316504691695,180.23242238031955,-0.00021969494566983046,-0.0009166202900448438,1.0,0.0,0.0,0.0,0.0,0.0,0.0,0.0,0.0,0.0
/mnt/ssd2tb/boat/thesis/s21fe_dataset/raw/well-lit/20240115_170155.dng,2,0.5084845957265576,-0.3896541137218675,123.26269042379406,-0.0375875807482073,0.4744410035257142,18.67674025697365,-8.551028134687121e-05,-0.0013176155320508175,1.0,0.0,0.0,0.0,0.0,0.0,0.0,0.0,0.0,0.0
/mnt/ssd2tb/boat/thesis/s21fe_dataset/raw/well-lit/20240115_165804.dng,2,-11.500256678781552,-3.160861448215824,2592.8117004455225,-1.0402557889621034,-11.94877204870701,1606.2434957596256,-0.00988042191146951,-0.015103835123239616,1.0,0.0,0.0,0.0,0.0,0.0,0.0,0.0,0.0,0.0
/mnt/ssd2tb/boat/thesis/s21fe_dataset/raw/well-lit/20240116_203200.dng,2,0.8959975828261912,0.4211735487398072,-12.948024045664232,-0.3140481951803289,1.6930908124659845,-41.260313808895866,-0.0005609543237855493,0.0011643435342409182,1.0,0.0,0.0,0.0,0.0,0.0,0.0,0.0,0.0,0.0
/mnt/ssd2tb/boat/thesis/s21fe_dataset/raw/well-lit/20250201_105628.dng,2,0.6051374387571021,0.06240512927666971,-3.1862994377963787,-0.3139681700153035,0.8012108192346844,95.41434830587522,-0.0009610319932265494,0.00011913934542194299,1.0,0.0,0.0,0.0,0.0,0.0,0.0,0.0,0.0,0.0
/mnt/ssd2tb/boat/thesis/s21fe_dataset/raw/well-lit/20240117_183604.dng,2,1.0513900809831946,-0.7547874202591719,120.3895127388792,0.317391261956361,0.4018398318849998,-49.17812494001421,0.0006510053658716395,-0.00173512563379045,1.0,0.0,0.0,0.0,0.0,0.0,0.0,0.0,0.0,0.0
/mnt/ssd2tb/boat/thesis/s21fe_dataset/raw/well-lit/20250201_111552.dng,2,0.6201049444521761,0.6765182461148875,-86.50665189652355,-0.2768030864657733,1.3075749869519069,29.067008936646623,-0.0011812131411792592,0.0015557928485456381,1.0,0.0,0.0,0.0,0.0,0.0,0.0,0.0,0.0,0.0
/mnt/ssd2tb/boat/thesis/s21fe_dataset/raw/well-lit/20240115_164250.dng,2,0.20105831956558812,-0.40265456825967416,239.88112867173598,-0.27432392520469456,0.3565695686241198,159.9964482251753,-0.000855580644573485,-0.0005437816860629853,1.0,0.0,0.0,0.0,0.0,0.0,0.0,0.0,0.0,0.0
/mnt/ssd2tb/boat/thesis/s21fe_dataset/raw/well-lit/20250201_112607.dng,2,0.6957764875533494,-0.18104455787561896,54.286467698149615,0.002563958110630399,0.6860232682256142,14.815127060909244,-0.0005979675809017731,-0.00014873245233221842,1.0,0.0,0.0,0.0,0.0,0.0,0.0,0.0,0.0,0.0
/mnt/ssd2tb/boat/thesis/s21fe_dataset/raw/well-lit/20240124_144601.dng,2,-29.93948586531205,-8.697431760216578,7236.293791250611,-12.855892130522163,-17.643503105348433,5385.730360376222,-0.03420506979732545,-0.013124720129276022,1.0,0.0,0.0,0.0,0.0,0.0,0.0,0.0,0.0,0.0
/mnt/ssd2tb/boat/thesis/s21fe_dataset/raw/well-lit/20240124_145113.dng,2,1.0257982517125686,0.5618744935134061,-110.93389296958388,-0.056852449200191314,1.3131429591342276,-14.895150251110644,-0.0006504259885395183,0.0013760602933197107,1.0,0.0,0.0,0.0,0.0,0.0,0.0,0.0,0.0,0.0
/mnt/ssd2tb/boat/thesis/s21fe_dataset/raw/well-lit/20250201_104037.dng,2,0.18120505609482973,-0.2513541383168396,186.51898031388748,-0.3250337173788208,0.20845232695274474,187.44448516737742,-0.0006752547703287202,-0.000864404729504948,1.0,0.0,0.0,0.0,0.0,0.0,0.0,0.0,0.0,0.0
/mnt/ssd2tb/boat/thesis/s21fe_dataset/raw/well-lit/20240118_164153.dng,2,1.9727418149549127,-0.7685216162967857,-123.50549450549236,0.6379564576285801,0.29572249244380544,-95.79078844652436,0.0022376682212747493,-0.0027894301898985533,1.0,0.0,0.0,0.0,0.0,0.0,0.0,0.0,0.0,0.0
